"","abortion","age","bible","black","church","church.abortion","church.ssm","education","evangelical","federal.funds","female","gop.exceptions","ideology","income","incorrect.rps.abortion","incorrect.rps.ssm","insurance","mainline","partyid","pro.choice.count","romancatholic","rps.abortion","rps.ssm","secular.knowledge","ssm","tradition","week.20","weight","bible.collapsed","education.collapsed","ideology.collapsed","income.collapsed","ambiguous"
"1",0,67,3,0,1,"Establish Need","Yes to Civil Unions",5,0,0,0,0,3,10,0,0,0,1,4,0,0,1,1,2,0,"Mainline Protestant",0,0.498123574968918,2,4,2,10,0
"4",1,55,3,0,3,"Never Permit","No to Both",5,0,0,0,1,3,7,0,0,0,0,3,2,1,1,1,2,0,"Roman Catholic Church",0,1.33000348151845,2,4,2,7,0
"6",0,57,2,0,1,"Standard GOP Exceptions","Yes to Civil Unions",2,0,0,0,1,3,10,1,0,0,1,6,1,0,0,1,2,0,"Mainline Protestant",0,1.07937292142043,1,1,2,10,0
"9",0,53,3,0,5,"Never Permit","No to Both",5,0,0,0,1,4,NA,0,0,0,0,6,1,1,1,1,2,0,"Roman Catholic Church",0,0.479658832566289,2,4,2,NA,0
"13",0,42,NA,0,5,"Not Available","Not Available",5,1,0,0,1,2,8,NA,NA,0,0,4,1,0,NA,NA,2,0,"Evangelical Protestant",0,0.24064358398224,NA,4,1,8,0
"14",0,38,3,0,0,"Standard GOP Exceptions","DK",4,1,0,0,0,3,11,0,0,0,0,6,0,0,1,0,2,0,"Evangelical Protestant - Ambiguous",0,2.00129557505153,2,3,2,11,1
"16",0,69,3,0,1,"Establish Need","Yes to Civil Unions",4,1,1,0,0,4,5,1,1,0,0,5,1,0,0,0,2,0,"Evangelical Protestant",0,0.26587527726935,2,3,2,5,0
"17",0,70,3,0,1,"DK","Yes to Civil Unions",2,1,0,0,0,2,6,0,1,0,0,6,0,0,0,0,2,0,"Evangelical Protestant",0,0.502420672299736,2,1,1,6,0
"18",1,72,2,0,1,"DK","DK",3,1,1,0,1,3,9,0,0,1,0,5,4,0,0,0,2,0,"Evangelical Protestant",0,0.688105549817473,1,2,2,9,0
"19",0,65,2,0,2,"Never Permit","Yes to Both",1,1,0,0,0,4,4,0,1,0,0,4,0,0,1,0,2,0,"Evangelical Protestant",0,0.676255538722045,1,0,2,4,0
"20",0,79,2,0,4,"DK","Yes to Both",4,0,0,0,0,3,NA,0,0,0,1,4,0,0,0,1,2,0,"Mainline Protestant",0,0.499975133870134,1,3,2,NA,0
"21",1,76,2,0,0,"Always Permit","Yes to Civil Unions",2,0,1,1,1,2,7,0,0,1,1,2,4,0,1,1,2,1,"Mainline Protestant",0,1.50050044733776,1,1,1,7,0
"22",0,72,2,0,4,"Never Permit","Yes to Civil Unions",5,0,0,0,1,4,7,0,1,0,0,4,2,1,1,0,2,0,"Roman Catholic Church",1,0.292721397149563,1,4,2,7,0
"23",0,55,NA,0,2,"Not Available","Not Available",4,0,0,1,1,2,7,NA,NA,0,1,4,1,0,NA,NA,2,1,"Mainline Protestant",0,0.614956737539316,NA,3,1,7,0
"24",1,55,3,0,4,"Establish Need","Yes to Both",5,0,1,1,1,1,12,0,0,1,1,0,4,0,1,1,2,1,"Mainline Protestant",0,1.321947105727,2,4,0,11,0
"25",0,44,2,0,1,"DK","DK",4,0,0,0,1,2,8,0,0,1,1,2,2,0,0,0,2,1,"Mainline Protestant",0,1.83159958266276,1,3,1,8,0
"26",0,73,2,0,2,"Never Permit","No to Both",3,0,0,1,0,3,8,1,1,0,1,5,0,0,0,0,0,0,"Mainline Protestant",0,0.790771696883919,1,2,2,8,0
"27",1,53,3,0,4,"Always Permit","Yes to Both",5,0,1,0,1,2,NA,0,0,1,1,3,5,0,1,1,2,1,"Mainline Protestant",1,0.983116716178178,2,4,1,NA,0
"29",0,52,3,0,5,"Never Permit","No to Both",4,1,0,0,1,4,8,0,0,0,0,4,1,0,1,1,2,0,"Evangelical Protestant",0,0.440905265198168,2,3,2,8,0
"31",0,57,3,0,1,"Standard GOP Exceptions","Yes to Civil Unions",5,0,0,0,0,3,6,1,0,0,1,6,0,0,0,1,2,1,"Mainline Protestant",0,1.07587904944232,2,4,2,6,0
"34",1,61,2,0,0,"Standard GOP Exceptions","Yes to Both",4,0,0,0,0,2,0,1,0,1,1,0,2,0,0,1,2,1,"Mainline Protestant - Ambiguous",0,0.673579354373157,1,3,1,0,1
"35",1,57,3,0,1,"DK","DK",4,0,1,1,1,2,8,0,0,0,1,5,3,0,0,0,1,1,"Mainline Protestant",0,1.05618194753489,2,3,1,8,0
"40",0,56,3,0,4,"Never Permit","No to Both",5,0,0,0,0,4,NA,0,0,0,0,6,0,1,1,1,2,0,"Roman Catholic Church",0,0.705275916471473,2,4,2,NA,0
"41",0,63,3,0,4,"Never Permit","No to Both",5,1,0,0,1,4,6,0,0,0,0,6,1,0,1,1,2,0,"Evangelical Protestant",0,0.705275916471473,2,4,2,6,0
"42",0,64,2,0,0,"Never Permit","No to Both",2,0,0,0,0,3,8,0,0,0,0,6,0,1,1,1,2,0,"Roman Catholic Church",0,1.07937292142043,1,1,2,8,0
"43",0,66,1,0,4,"Never Permit","No to Both",4,0,0,0,1,4,2,0,0,0,0,4,1,1,1,1,2,0,"Roman Catholic Church",0,0.293809462311912,0,3,2,2,0
"45",1,62,3,0,4,"Always Permit","Yes to Both",5,0,1,1,1,2,4,0,0,1,1,0,5,0,1,1,2,1,"Mainline Protestant",1,1.34006300234167,2,4,1,4,0
"47",1,57,3,0,3,"Standard GOP Exceptions","Yes to Civil Unions",2,0,0,1,1,2,7,1,0,0,1,3,2,0,0,1,2,1,"Mainline Protestant",0,1.65374139529661,2,1,1,7,0
"49",1,52,1,0,1,"Never Permit","No to Both",2,0,1,1,1,1,10,0,0,1,0,0,4,1,1,1,1,1,"Roman Catholic Church",0,1.25729292068147,0,1,0,10,0
"51",1,72,3,0,2,"Always Permit","Yes to Both",5,0,1,1,1,1,11,0,0,1,1,1,5,0,1,1,2,1,"Mainline Protestant",1,1.67358927170002,2,4,0,11,0
"52",0,60,NA,0,NA,"Not Available","Not Available",4,0,0,0,1,2,7,NA,NA,0,0,3,1,1,NA,NA,2,0,"Roman Catholic Church",0,0.343981275946303,NA,3,1,7,0
"53",0,50,3,0,5,"Standard GOP Exceptions","No to Both",5,1,0,0,0,4,NA,0,0,0,0,6,0,0,1,1,2,0,"Evangelical Protestant",0,0.705275916471473,2,4,2,NA,0
"56",0,46,2,0,4,"Standard GOP Exceptions","Yes to Civil Unions",2,1,0,1,0,3,NA,0,1,0,0,6,0,0,1,0,2,0,"Evangelical Protestant",0,2.06390927266436,1,1,2,NA,0
"58",1,80,3,0,4,"Always Permit","Yes to Both",5,0,1,0,1,2,11,0,0,1,1,2,4,0,1,1,2,1,"Mainline Protestant",0,1.09315680266619,2,4,1,11,0
"62",0,35,3,0,2,"Never Permit","No to Both",5,1,0,1,1,3,11,0,0,0,0,5,1,0,1,1,2,1,"Evangelical Protestant",0,1.18228688128121,2,4,2,11,0
"63",1,73,3,0,4,"DK","DK",2,0,1,0,0,2,7,0,0,1,1,0,3,0,0,0,2,1,"Mainline Protestant",0,1.09848735813912,2,1,1,7,0
"66",1,54,3,0,5,"Never Permit","No to Both",4,0,1,0,1,0,11,0,0,1,0,0,5,1,1,1,2,1,"Roman Catholic Church",1,0.439379549357862,2,3,0,11,0
"67",0,58,NA,0,5,"Not Available","Not Available",4,1,0,0,1,4,NA,NA,NA,0,0,6,1,0,NA,NA,2,0,"Evangelical Protestant",0,0.249820825755454,NA,3,2,NA,0
"68",0,60,3,0,4,"Never Permit","Yes to Civil Unions",5,0,1,0,1,0,12,0,1,1,0,0,3,1,1,0,2,1,"Roman Catholic Church",0,0.583260432976969,2,4,0,11,0
"71",1,51,NA,0,2,"Not Available","Not Available",4,0,0,0,1,2,11,NA,NA,0,1,4,3,0,NA,NA,2,0,"Mainline Protestant - Ambiguous",1,0.343981275946303,NA,3,1,11,1
"72",1,52,3,0,0,"Always Permit","Yes to Both",4,0,1,0,1,1,8,1,1,1,0,1,4,1,0,0,0,1,"Roman Catholic Church",0,0.480709147594386,2,3,0,8,0
"75",0,67,3,0,1,"Never Permit","Yes to Civil Unions",2,1,0,0,0,3,4,0,1,0,0,4,0,0,1,0,2,0,"Evangelical Protestant",0,0.848244619389567,2,1,2,4,0
"80",0,70,1,0,1,"Standard GOP Exceptions","Yes to Civil Unions",3,0,0,0,0,3,NA,1,0,0,1,5,0,0,0,1,2,0,"Mainline Protestant",0,0.688105549817473,0,2,2,NA,0
"81",0,69,3,0,1,"Standard GOP Exceptions","Yes to Civil Unions",2,1,0,1,0,4,8,0,1,0,0,6,0,0,1,0,2,0,"Evangelical Protestant",0,0.600227339891373,2,1,2,8,0
"84",0,66,3,0,5,"Standard GOP Exceptions","No to Both",1,1,0,1,1,4,6,0,0,0,0,3,1,0,1,1,1,NA,"Evangelical Protestant",0,1.14525428706789,2,0,2,6,0
"85",1,52,1,0,1,"Standard GOP Exceptions","Yes to Civil Unions",3,1,1,0,1,2,7,0,1,1,0,0,5,0,1,0,1,1,"Evangelical Protestant",1,0.693878523728601,0,2,1,7,0
"87",0,34,3,1,2,"Never Permit","No to Both",4,1,0,0,1,0,7,0,0,0,0,0,1,0,1,1,1,0,"Evangelical Protestant - Ambiguous",0,1.11167591376274,2,3,0,7,1
"88",0,47,3,0,4,"Never Permit","No to Both",2,1,0,1,1,4,8,0,0,0,0,6,1,0,1,1,0,0,"Evangelical Protestant",0,1.31290754609797,2,1,2,8,0
"89",1,53,1,0,1,"DK","DK",4,0,1,1,1,2,NA,0,0,1,0,0,4,1,0,0,1,1,"Roman Catholic Church",0,0.278012053133903,0,3,1,NA,0
"91",0,55,1,0,1,"DK","No to Both",1,0,0,1,1,NA,NA,0,1,1,1,3,2,0,0,0,0,1,"Mainline Protestant",0,0.296315348959654,0,0,NA,NA,0
"92",0,39,2,0,4,"Standard GOP Exceptions","Yes to Both",4,0,0,1,0,3,7,1,1,0,0,5,0,1,0,0,0,1,"Roman Catholic Church",0,2.98363182029377,1,3,2,7,0
"97",1,53,3,0,2,"Standard GOP Exceptions","No to Both",5,0,0,1,0,4,NA,1,1,0,1,3,1,0,0,0,2,0,"Mainline Protestant",0,1.08954386151341,2,4,2,NA,0
"102",0,47,3,0,5,"Standard GOP Exceptions","No to Both",4,1,0,1,0,4,10,0,0,0,0,6,0,0,1,1,1,0,"Evangelical Protestant - Ambiguous",0,0.870157232670899,2,3,2,10,1
"105",0,36,1,0,2,"Standard GOP Exceptions","Yes to Both",1,0,0,1,0,3,2,1,1,1,0,1,1,1,0,0,1,1,"Roman Catholic Church",0,0.379346750495724,0,0,2,2,0
"106",1,75,0,0,0,"Standard GOP Exceptions","DK",0,0,0,1,0,0,1,1,0,1,0,0,3,1,0,0,0,1,"Roman Catholic Church",1,0.86741890398731,0,0,0,1,0
"107",0,68,3,0,4,"Standard GOP Exceptions","Yes to Civil Unions",4,0,0,1,0,4,NA,1,0,0,1,6,0,0,0,1,2,0,"Mainline Protestant",0,0.707862764771124,2,3,2,NA,0
"108",1,64,3,0,2,"Always Permit","Yes to Both",1,0,1,1,0,1,3,0,0,1,1,0,3,0,1,1,1,1,"Mainline Protestant",0,0.952672921291106,2,0,0,3,0
"109",0,62,3,0,4,"Never Permit","No to Both",4,1,0,1,0,3,11,0,0,0,0,6,0,0,1,1,2,0,"Evangelical Protestant",0,1.63220726431588,2,3,2,11,0
"111",0,71,3,0,3,"Standard GOP Exceptions","DK",4,1,0,0,0,3,NA,0,0,0,0,6,0,0,1,0,2,0,"Evangelical Protestant",0,0.290079035626379,2,3,2,NA,0
"113",0,36,3,0,3,"Standard GOP Exceptions","Yes to Civil Unions",5,1,0,1,0,3,4,0,1,0,0,4,0,0,1,0,2,0,"Evangelical Protestant",0,1.16714645237129,2,4,2,4,0
"115",0,53,2,0,4,"Standard GOP Exceptions","No to Both",1,1,0,0,0,4,7,0,0,0,0,3,0,0,1,1,2,0,"Evangelical Protestant",0,0.765543539119835,1,0,2,7,0
"117",0,72,2,0,1,"Standard GOP Exceptions","No to Both",2,1,0,1,0,4,5,0,0,0,0,6,0,0,1,1,2,0,"Evangelical Protestant",0,0.600227339891373,1,1,2,5,0
"121",0,80,2,0,1,"Establish Need","Yes to Civil Unions",1,1,0,1,0,2,NA,1,1,0,0,6,0,0,0,0,2,1,"Evangelical Protestant",0,1.26170471382147,1,0,1,NA,0
"122",0,63,3,0,1,"Never Permit","Yes to Civil Unions",4,0,0,1,1,4,7,0,1,0,0,6,1,1,1,0,2,1,"Roman Catholic Church",0,0.905784938739134,2,3,2,7,0
"123",0,72,2,0,4,"Standard GOP Exceptions","Yes to Civil Unions",2,1,0,0,0,3,8,0,1,0,0,5,0,0,1,0,2,0,"Evangelical Protestant",0,0.593741252992513,1,1,2,8,0
"124",0,75,2,0,NA,"Standard GOP Exceptions","Yes to Both",3,0,1,0,0,3,NA,1,1,1,0,5,2,1,0,0,2,0,"Roman Catholic Church",0,0.688105549817473,1,2,2,NA,0
"125",1,60,3,0,0,"DK","DK",2,0,1,1,1,NA,3,0,0,1,1,NA,4,0,0,0,0,0,"Mainline Protestant",0,1.17090668607201,2,1,NA,3,0
"126",0,70,3,0,2,"Standard GOP Exceptions","Yes to Civil Unions",4,0,0,0,0,2,NA,1,1,0,0,NA,0,1,0,0,2,NA,"Roman Catholic Church",0,0.365057138339919,2,3,1,NA,0
"127",0,42,2,0,0,"DK","DK",2,1,0,0,0,3,4,0,0,0,0,6,0,0,0,0,2,1,"Evangelical Protestant",0,3.7085030260414,1,1,2,4,0
"129",0,55,3,0,5,"Never Permit","No to Both",2,1,0,0,1,4,6,0,0,0,0,4,2,0,1,1,2,0,"Evangelical Protestant - Ambiguous",1,0.587186456393289,2,1,2,6,1
"130",0,69,3,0,1,"Standard GOP Exceptions","Yes to Civil Unions",5,0,0,0,0,4,NA,1,0,0,1,6,0,0,0,1,2,0,"Mainline Protestant",0,0.549539883067809,2,4,2,NA,0
"133",0,53,3,0,4,"Never Permit","Yes to Civil Unions",5,0,0,0,0,3,12,0,1,0,0,6,0,1,1,0,2,0,"Roman Catholic Church",0,0.505889555327613,2,4,2,11,0
"134",1,74,2,0,1,"Establish Need","Yes to Both",5,0,1,0,0,1,9,0,0,1,1,0,4,0,1,1,2,1,"Mainline Protestant",1,0.955074468665828,1,4,0,9,0
"135",0,65,2,0,3,"DK","DK",5,0,0,0,1,3,11,0,0,0,0,5,1,1,0,0,2,0,"Roman Catholic Church",0,0.935151218214071,1,4,2,11,0
"136",0,55,2,0,2,"Standard GOP Exceptions","No to Both",3,0,0,0,0,3,0,1,0,0,0,5,0,1,0,1,2,0,"Roman Catholic Church",0,1.07937292142043,1,2,2,0,0
"137",0,43,3,0,5,"Never Permit","Yes to Civil Unions",3,1,0,0,1,4,6,0,1,0,0,5,1,0,1,0,2,0,"Evangelical Protestant",0,0.884199850636244,2,2,2,6,0
"138",0,33,3,0,1,"DK","DK",4,0,0,0,1,3,10,0,0,0,1,4,1,0,0,0,2,0,"Mainline Protestant - Ambiguous",0,0.351041358008254,2,3,2,10,1
"139",0,50,3,0,4,"Never Permit","No to Both",2,1,0,0,0,2,6,0,0,0,0,0,0,0,1,1,1,0,"Evangelical Protestant",0,0.774036919990272,2,1,1,6,0
"140",0,78,2,0,1,"Standard GOP Exceptions","Yes to Civil Unions",2,1,0,1,0,3,2,0,1,0,0,6,0,0,1,0,2,0,"Evangelical Protestant",0,0.943565886410121,1,1,2,2,0
"146",0,87,2,0,1,"Standard GOP Exceptions","No to Both",2,1,0,0,0,4,3,0,0,0,0,6,0,0,1,1,2,0,"Evangelical Protestant",0,0.312778121762414,1,1,2,3,0
"147",0,70,3,0,5,"Never Permit","No to Both",4,1,0,0,1,3,NA,0,0,0,0,5,1,0,1,1,2,0,"Evangelical Protestant",0,0.504706401381701,2,3,2,NA,0
"148",1,61,3,0,4,"Never Permit","No to Both",5,0,1,0,1,1,13,0,0,1,0,0,5,1,1,1,2,1,"Roman Catholic Church",1,0.638123977257602,2,4,0,11,0
"150",1,78,2,0,4,"DK","No to Both",2,0,0,0,0,3,6,0,1,0,1,6,1,0,0,0,2,NA,"Mainline Protestant",0,0.532254074015477,1,1,2,6,0
"151",0,72,2,0,5,"Never Permit","No to Both",2,0,0,1,0,3,4,0,0,0,0,6,0,1,1,1,2,0,"Roman Catholic Church",0,0.715853006875361,1,1,2,4,0
"152",1,70,2,0,4,"Always Permit","No to Both",2,1,0,0,0,3,5,1,0,0,0,6,1,0,0,1,1,0,"Evangelical Protestant - Ambiguous",0,0.593741252992513,1,1,2,5,1
"153",0,57,3,0,4,"Standard GOP Exceptions","DK",4,0,0,0,0,3,9,1,0,0,1,4,0,0,0,0,2,0,"Mainline Protestant - Ambiguous",0,0.774986316939939,2,3,2,9,1
"154",0,24,3,0,3,"Never Permit","No to Both",4,0,0,0,NA,3,6,0,0,0,0,4,NA,1,1,1,2,0,"Roman Catholic Church",0,2.0320205470097,2,3,2,6,0
"156",0,55,3,0,1,"Standard GOP Exceptions","No to Both",4,1,0,1,0,4,1,0,0,0,0,4,0,0,1,1,2,0,"Evangelical Protestant",0,0.977851550181011,2,3,2,1,0
"157",0,88,3,0,5,"Never Permit","No to Both",2,1,0,1,0,4,2,0,0,0,0,4,0,0,1,1,2,0,"Evangelical Protestant - Ambiguous",0,0.835281957576565,2,1,2,2,1
"160",0,41,3,0,0,"Establish Need","Yes to Both",2,0,0,1,0,3,4,0,0,0,1,4,0,0,1,1,2,1,"Mainline Protestant - Ambiguous",0,3.44293576607405,2,1,2,4,1
"163",1,37,3,0,0,"Never Permit","No to Both",4,1,1,1,0,2,8,0,0,1,0,5,3,0,1,1,1,0,"Evangelical Protestant",0,2.06846211961042,2,3,1,8,0
"165",1,64,3,0,0,"DK","DK",4,0,1,1,1,2,1,0,0,1,1,3,4,0,0,0,2,1,"Mainline Protestant - Ambiguous",0,1.7176803478819,2,3,1,1,1
"166",1,50,3,0,3,"Never Permit","No to Both",2,0,0,1,1,3,8,0,0,0,0,3,3,1,1,1,2,1,"Roman Catholic Church",1,1.69570745115282,2,1,2,8,0
"167",1,45,3,0,2,"DK","Yes to Both",3,0,0,1,1,2,9,0,0,0,1,2,2,0,0,1,1,1,"Mainline Protestant",0,2.54615598750511,2,2,1,9,0
"168",0,67,2,0,2,"Never Permit","Yes to Civil Unions",2,0,0,0,0,3,6,0,1,0,0,4,0,1,1,0,2,0,"Roman Catholic Church",0,0.760401356914807,1,1,2,6,0
"170",1,56,3,0,5,"Always Permit","No to Both",2,1,0,1,1,2,1,1,0,1,0,0,3,0,0,1,0,0,"Evangelical Protestant",0,0.903219086676846,2,1,1,1,0
"171",0,61,3,0,1,"Never Permit","No to Both",1,1,0,0,1,3,6,0,0,0,0,3,2,0,1,1,NA,0,"Evangelical Protestant - Ambiguous",1,1.30272432495221,2,0,2,6,1
"174",0,61,2,0,2,"Never Permit","No to Both",5,0,0,1,0,4,8,1,1,0,1,6,0,0,0,0,2,0,"Mainline Protestant",0,1.00924564640905,1,4,2,8,0
"175",0,58,3,0,4,"Never Permit","No to Both",2,0,0,1,0,3,9,1,1,0,1,6,0,0,0,0,0,0,"Mainline Protestant",0,2.06390927266436,2,1,2,9,0
"177",1,42,2,0,3,"Always Permit","Yes to Both",4,0,1,1,1,0,3,0,0,1,1,0,5,0,1,1,2,1,"Mainline Protestant",1,1.83616187470862,1,3,0,3,0
"178",1,56,2,0,2,"Standard GOP Exceptions","No to Both",5,0,1,1,1,1,10,1,0,1,0,0,5,1,0,1,2,1,"Roman Catholic Church",1,1.321947105727,1,4,0,10,0
"180",0,61,3,0,1,"Never Permit","No to Both",1,0,0,1,0,4,7,0,0,0,0,6,0,1,1,1,2,0,"Roman Catholic Church",0,0.727321837688863,2,0,2,7,0
"181",0,71,0,0,2,"Never Permit","Yes to Civil Unions",1,1,0,0,0,2,7,0,1,0,0,1,0,0,1,0,2,0,"Evangelical Protestant",0,1.64212335960549,0,0,1,7,0
"182",0,68,2,0,4,"Never Permit","DK",3,0,0,1,0,3,4,0,0,0,0,6,0,1,1,0,2,0,"Roman Catholic Church",0,0.943565886410121,1,2,2,4,0
"183",0,63,2,0,4,"Never Permit","No to Both",5,0,0,1,1,4,5,0,0,0,0,4,2,1,1,1,2,0,"Roman Catholic Church",1,0.305807518734603,1,4,2,5,0
"184",1,62,1,0,1,"Always Permit","DK",2,0,0,1,1,2,6,1,0,1,0,3,3,1,0,0,0,1,"Roman Catholic Church",0,0.778056506824811,0,1,1,6,0
"185",1,51,2,0,1,"Establish Need","No to Both",2,0,0,1,1,3,9,0,1,0,1,6,2,0,1,0,0,1,"Mainline Protestant - Ambiguous",0,1.80051543443512,1,1,2,9,1
"186",1,41,3,0,3,"Establish Need","Yes to Civil Unions",4,0,0,0,0,2,10,0,0,0,1,4,1,0,1,1,2,0,"Mainline Protestant",0,0.977899252491883,2,3,1,10,0
"188",1,64,2,0,2,"DK","Yes to Both",4,0,1,1,1,1,6,0,0,1,1,0,4,0,0,1,2,1,"Mainline Protestant",0,1.75591832630249,1,3,0,6,0
"190",1,73,1,0,2,"Always Permit","Yes to Both",2,0,1,1,1,2,7,0,0,1,1,0,4,0,1,1,2,1,"Mainline Protestant",0,0.89485780936313,0,1,1,7,0
"191",0,76,2,0,4,"Standard GOP Exceptions","Yes to Both",5,0,1,1,0,2,NA,1,1,0,0,4,1,1,0,0,2,1,"Roman Catholic Church",0,2.11796345895665,1,4,1,NA,0
"192",0,78,3,0,5,"Standard GOP Exceptions","No to Both",4,1,0,1,0,4,NA,0,0,0,0,6,0,0,1,1,2,0,"Evangelical Protestant",0,0.81141460719736,2,3,2,NA,0
"194",0,79,3,0,1,"Establish Need","Yes to Civil Unions",4,0,1,0,0,2,4,0,0,0,1,4,2,0,1,1,2,0,"Mainline Protestant",1,0.365057138339919,2,3,1,4,0
"195",0,63,3,0,4,"Never Permit","No to Both",2,1,0,0,1,2,9,0,0,0,0,3,1,0,1,1,2,0,"Evangelical Protestant",0,1.08680471983522,2,1,1,9,0
"196",1,72,NA,0,2,"Not Available","Not Available",4,0,0,0,1,3,4,NA,NA,0,1,6,2,0,NA,NA,2,1,"Mainline Protestant",0,0.237318216297953,NA,3,2,4,0
"198",0,67,3,0,5,"Never Permit","No to Both",4,1,0,0,0,4,8,0,0,0,0,5,0,0,1,1,2,0,"Evangelical Protestant",0,0.296589782910793,2,3,2,8,0
"199",1,29,3,0,4,"Standard GOP Exceptions","No to Both",4,0,0,1,0,NA,8,1,0,0,0,NA,1,1,0,1,0,0,"Roman Catholic Church",0,0.488852612193158,2,3,NA,8,0
"200",1,48,3,0,2,"Always Permit","Yes to Both",4,0,1,1,1,2,10,0,0,1,1,2,5,0,1,1,2,1,"Mainline Protestant",1,1.47215942231735,2,3,1,10,0
"202",1,66,2,0,1,"Establish Need","Yes to Both",5,0,0,1,0,1,5,0,0,0,1,1,1,0,1,1,0,1,"Mainline Protestant - Ambiguous",0,0.726705418758179,1,4,0,5,1
"203",0,73,2,0,2,"Never Permit","No to Both",4,0,0,1,0,3,NA,0,0,0,0,6,0,1,1,1,2,0,"Roman Catholic Church",0,1.11277030003142,1,3,2,NA,0
"204",1,71,3,0,4,"Establish Need","Yes to Both",2,0,0,0,0,3,6,1,1,0,0,6,1,1,0,0,1,1,"Roman Catholic Church",0,0.688105549817473,2,1,2,6,0
"205",1,57,2,0,1,"Always Permit","Yes to Both",5,0,1,1,1,0,7,1,1,1,0,0,4,1,0,0,0,1,"Roman Catholic Church",0,1.00343570930577,1,4,0,7,0
"207",1,68,1,0,0,"Establish Need","Yes to Both",1,1,1,0,1,0,3,1,1,1,0,0,5,0,0,0,2,1,"Evangelical Protestant",1,0.871445543506412,0,0,0,3,0
"209",1,50,2,0,4,"Establish Need","Yes to Civil Unions",4,0,0,0,0,2,7,1,1,0,0,3,1,1,0,0,2,1,"Roman Catholic Church",0,0.731547517227154,1,3,1,7,0
"213",0,43,3,0,5,"Never Permit","No to Both",3,0,0,1,1,4,7,0,0,0,0,4,1,1,1,1,2,0,"Roman Catholic Church",0,0.857580774339385,2,2,2,7,0
"214",0,61,3,0,5,"Never Permit","No to Both",4,1,0,1,0,4,8,0,0,0,0,6,0,0,1,1,2,0,"Evangelical Protestant",0,1.03829042414731,2,3,2,8,0
"215",0,59,3,0,3,"Establish Need","Yes to Both",5,0,0,0,1,2,9,1,1,0,0,4,1,1,0,0,2,1,"Roman Catholic Church",0,0.971102825028427,2,4,1,9,0
"216",0,60,3,0,1,"Standard GOP Exceptions","Yes to Civil Unions",5,0,0,0,0,4,NA,1,1,0,0,6,0,1,0,0,2,0,"Roman Catholic Church",0,0.705275916471473,2,4,2,NA,0
"217",1,22,2,0,4,"Standard GOP Exceptions","No to Both",1,1,1,1,0,NA,1,0,0,1,0,NA,4,0,1,1,0,0,"Evangelical Protestant - Ambiguous",1,1.44722876721764,1,0,NA,1,1
"218",1,54,3,0,1,"Always Permit","No to Both",2,0,1,0,0,2,10,0,1,0,1,6,2,0,1,0,2,NA,"Mainline Protestant - Ambiguous",0,0.788104774021997,2,1,1,10,1
"221",0,54,1,0,1,"DK","Yes to Civil Unions",2,0,0,1,0,2,2,0,0,1,1,2,1,0,0,1,0,0,"Mainline Protestant - Ambiguous",0,0.482227284260835,0,1,1,2,1
"222",0,79,3,0,2,"Establish Need","Yes to Civil Unions",4,0,0,0,0,3,11,0,0,0,1,5,0,0,1,1,2,1,"Mainline Protestant",0,0.452439571889556,2,3,2,11,0
"224",0,82,3,0,4,"Standard GOP Exceptions","No to Both",2,1,0,0,0,3,6,0,0,0,0,5,0,0,1,1,2,0,"Evangelical Protestant",0,0.767597039243796,2,1,2,6,0
"226",0,67,NA,0,4,"Not Available","Not Available",4,1,0,0,1,4,4,NA,NA,0,0,6,1,0,NA,NA,2,0,"Evangelical Protestant - Ambiguous",0,0.107872906959361,NA,3,2,4,1
"227",1,57,3,0,4,"Never Permit","Yes to Both",4,0,1,0,0,2,4,0,1,1,0,0,3,1,1,0,2,1,"Roman Catholic Church",0,0.673579354373157,2,3,1,4,0
"229",NA,74,NA,0,1,"Not Available","Not Available",1,0,0,0,NA,3,NA,NA,NA,NA,0,6,NA,1,NA,NA,2,0,"Roman Catholic Church",NA,0.339534262266028,NA,0,2,NA,0
"230",1,78,2,0,5,"Standard GOP Exceptions","No to Both",3,0,0,0,0,4,10,1,1,0,1,6,1,0,0,0,2,1,"Mainline Protestant",0,0.45107697982239,1,2,2,10,0
"232",0,66,2,0,2,"Standard GOP Exceptions","Yes to Civil Unions",2,0,0,0,0,2,2,1,1,0,0,3,0,1,0,0,2,0,"Roman Catholic Church",0,0.505527852794525,1,1,1,2,0
"233",0,60,3,0,4,"Standard GOP Exceptions","Yes to Civil Unions",2,1,0,0,1,NA,3,0,1,0,0,3,2,0,1,0,0,0,"Evangelical Protestant",1,0.859763027800581,2,1,NA,3,0
"234",0,67,2,0,4,"Standard GOP Exceptions","No to Both",2,0,0,0,0,3,5,1,0,0,0,6,0,1,0,1,2,0,"Roman Catholic Church",0,0.688105549817473,1,1,2,5,0
"236",0,74,3,0,5,"Standard GOP Exceptions","No to Both",5,1,0,0,0,3,4,0,0,0,0,4,0,0,1,1,2,0,"Evangelical Protestant",0,1.15278388522822,2,4,2,4,0
"238",0,64,2,0,3,"Establish Need","Yes to Civil Unions",5,0,0,1,0,3,4,0,0,0,1,6,0,0,1,1,2,0,"Mainline Protestant",0,1.58654846200749,1,4,2,4,0
"239",0,53,3,0,2,"Standard GOP Exceptions","No to Both",2,1,0,0,1,3,10,0,0,0,0,4,1,0,1,1,2,0,"Evangelical Protestant",0,1.33432261190515,2,1,2,10,0
"240",1,82,1,0,1,"Always Permit","DK",1,0,1,0,1,3,3,0,0,1,1,6,5,0,1,0,0,1,"Mainline Protestant",1,0.722090020426114,0,0,2,3,0
"241",0,74,2,0,4,"Standard GOP Exceptions","No to Both",4,1,0,0,0,4,3,0,0,0,0,5,0,0,1,1,2,0,"Evangelical Protestant",0,0.296589782910793,1,3,2,3,0
"242",0,53,NA,0,4,"Not Available","Not Available",2,1,0,0,1,4,NA,NA,NA,0,0,6,1,0,NA,NA,2,0,"Evangelical Protestant",0,0.332705043435257,NA,1,2,NA,0
"243",0,42,3,0,5,"Standard GOP Exceptions","Yes to Civil Unions",3,1,0,1,0,3,0,0,1,0,0,4,0,0,1,0,1,0,"Evangelical Protestant",0,0.325158119810572,2,2,2,0,0
"244",1,39,3,0,2,"Never Permit","No to Both",5,0,0,0,1,2,9,0,0,0,0,3,2,1,1,1,2,1,"Roman Catholic Church",0,1.55803246989138,2,4,1,9,0
"245",0,44,0,0,3,"Standard GOP Exceptions","Yes to Civil Unions",2,0,0,0,0,3,6,1,0,1,1,0,1,0,0,1,1,0,"Mainline Protestant",0,2.59100476560316,0,1,2,6,0
"247",0,50,3,0,4,"Standard GOP Exceptions","Yes to Civil Unions",4,0,0,0,0,3,9,1,1,0,0,5,0,1,0,0,2,0,"Roman Catholic Church",0,0.810477147394973,2,3,2,9,0
"248",0,80,3,0,4,"Standard GOP Exceptions","No to Both",4,0,0,0,0,3,NA,1,0,0,0,4,0,1,0,1,2,0,"Roman Catholic Church",0,0.499975133870134,2,3,2,NA,0
"249",1,62,NA,0,2,"Not Available","Not Available",4,1,0,0,1,3,10,NA,NA,0,0,6,2,0,NA,NA,2,0,"Evangelical Protestant",0,0.381094811643897,NA,3,2,10,0
"250",1,30,3,1,0,"DK","No to Both",2,0,0,0,0,4,1,0,1,1,1,0,2,0,0,0,1,0,"Mainline Protestant",0,1.22013514147062,2,1,2,1,0
"251",0,63,3,0,3,"Never Permit","No to Both",2,1,0,0,0,4,6,0,0,0,0,6,0,0,1,1,2,0,"Evangelical Protestant - Ambiguous",0,0.707566270357137,2,1,2,6,1
"253",1,42,NA,0,4,"Not Available","Not Available",5,0,1,1,0,1,3,NA,NA,1,1,2,3,0,NA,NA,1,1,"Mainline Protestant",0,0.793701553644093,NA,4,0,3,0
"256",0,72,2,0,1,"Never Permit","Yes to Civil Unions",1,1,0,0,0,3,5,0,1,0,0,4,0,0,1,0,2,0,"Evangelical Protestant",0,1.15078306478786,1,0,2,5,0
"257",0,90,3,0,4,"Never Permit","Yes to Civil Unions",3,0,1,1,0,2,8,0,1,0,0,6,1,1,1,0,2,0,"Roman Catholic Church",0,0.920214135100554,2,2,1,8,0
"258",0,57,3,0,4,"Never Permit","No to Both",4,1,0,0,1,2,8,0,0,0,0,4,2,0,1,1,2,0,"Evangelical Protestant",1,0.631225746714626,2,3,1,8,0
"259",0,76,3,0,1,"Standard GOP Exceptions","No to Both",2,0,0,0,0,3,9,1,0,0,0,4,0,1,0,1,2,0,"Roman Catholic Church",0,0.760401356914807,2,1,2,9,0
"260",1,22,3,0,3,"Standard GOP Exceptions","Yes to Civil Unions",2,0,1,1,1,2,8,1,0,1,1,2,4,0,0,1,0,1,"Mainline Protestant",0,2.02170413620974,2,1,1,8,0
"261",1,29,1,0,1,"DK","Yes to Both",3,0,1,0,0,1,7,0,1,0,0,0,2,1,0,0,0,1,"Roman Catholic Church",0,1.49310055276804,0,2,0,7,0
"262",1,49,1,1,2,"Never Permit","No to Both",2,0,1,0,1,0,3,1,1,1,1,0,4,0,0,0,0,0,"Mainline Protestant",0,0.744460845576765,0,1,0,3,0
"264",1,59,2,0,5,"Standard GOP Exceptions","No to Both",3,1,1,0,0,1,5,0,0,1,0,0,3,0,1,1,1,0,"Evangelical Protestant",0,0.158719638637035,1,2,0,5,0
"266",0,43,3,0,1,"Standard GOP Exceptions","No to Both",1,1,0,0,0,NA,6,0,0,0,0,NA,0,0,1,1,0,0,"Evangelical Protestant",0,1.42515802593058,2,0,NA,6,0
"268",0,44,3,1,4,"Never Permit","DK",4,1,0,1,0,3,8,0,0,0,0,4,0,0,1,0,2,1,"Evangelical Protestant",0,0.442764904254239,2,3,2,8,0
"269",1,79,1,0,1,"Never Permit","No to Both",2,0,0,1,1,4,10,0,0,0,0,3,2,1,1,1,2,0,"Roman Catholic Church",0,0.728684190066312,0,1,2,10,0
"270",1,61,2,0,5,"Never Permit","No to Both",1,0,1,1,1,NA,0,0,0,1,0,3,4,1,1,1,0,1,"Roman Catholic Church",0,1.00483670105085,1,0,NA,0,0
"271",0,71,3,0,4,"Never Permit","Yes to Civil Unions",5,0,0,0,0,3,5,0,1,0,0,6,0,1,1,0,2,0,"Roman Catholic Church",0,0.935151218214071,2,4,2,5,0
"273",1,45,2,1,5,"Always Permit","Yes to Both",4,1,1,1,0,3,7,1,1,1,0,3,4,0,0,0,1,1,"Evangelical Protestant",1,0.403066124701902,1,3,2,7,0
"274",0,67,3,0,4,"Standard GOP Exceptions","Yes to Civil Unions",2,1,0,1,0,3,NA,0,1,0,0,6,0,0,1,0,2,1,"Evangelical Protestant",0,0.943565886410121,2,1,2,NA,0
"276",1,66,1,1,1,"Always Permit","Yes to Both",3,0,1,0,1,2,4,0,0,1,1,2,5,0,1,1,2,1,"Mainline Protestant - Ambiguous",1,0.252895049037417,0,2,1,4,1
"278",0,73,NA,0,2,"Not Available","Not Available",1,0,0,0,0,3,9,NA,NA,0,0,3,0,1,NA,NA,2,0,"Roman Catholic Church",0,0.485073438326841,NA,0,2,9,0
"281",0,72,3,0,1,"Never Permit","No to Both",2,0,1,1,0,3,1,0,0,1,0,0,2,1,1,1,2,0,"Roman Catholic Church",0,1.05179503687642,2,1,2,1,0
"283",0,36,3,0,4,"Never Permit","No to Both",3,1,0,1,1,4,5,0,0,0,0,6,1,0,1,1,1,0,"Evangelical Protestant",0,2.11774684706743,2,2,2,5,0
"285",0,61,3,0,5,"Standard GOP Exceptions","No to Both",5,1,0,0,0,4,3,0,0,0,0,4,0,0,1,1,2,0,"Evangelical Protestant",0,0.585285765478033,2,4,2,3,0
"286",0,57,2,1,2,"Establish Need","No to Both",2,1,1,1,0,3,1,1,0,1,0,1,2,0,0,1,0,1,"Evangelical Protestant",0,0.456149458142047,1,1,2,1,0
"289",1,64,NA,0,1,"Not Available","Not Available",2,0,1,1,1,2,NA,NA,NA,1,0,0,5,1,NA,NA,2,1,"Roman Catholic Church",1,0.882540724232569,NA,1,1,NA,0
"291",1,78,3,0,NA,"Standard GOP Exceptions","No to Both",2,0,1,0,1,2,5,1,0,1,0,1,5,1,0,1,1,0,"Roman Catholic Church",1,0.984729237992527,2,1,1,5,0
"292",0,50,3,0,2,"Never Permit","Yes to Civil Unions",5,0,0,0,0,4,9,0,1,0,0,4,0,1,1,0,2,0,"Roman Catholic Church",0,0.524674227315107,2,4,2,9,0
"294",0,77,3,0,4,"Never Permit","No to Both",4,0,0,1,1,3,3,1,1,0,1,6,2,0,0,0,2,0,"Mainline Protestant",1,1.27555526415184,2,3,2,3,0
"295",1,45,3,0,4,"Always Permit","Yes to Both",5,0,1,0,1,1,7,1,1,1,0,1,5,1,0,0,2,1,"Roman Catholic Church",1,0.638123977257602,2,4,0,7,0
"296",1,65,3,0,1,"Always Permit","Yes to Both",0,0,1,0,1,1,3,1,1,1,0,0,5,1,0,0,0,1,"Roman Catholic Church",1,2.43970715195614,2,0,0,3,0
"300",0,68,3,0,3,"Establish Need","DK",1,0,1,1,0,NA,0,1,0,1,0,1,2,1,0,0,1,1,"Roman Catholic Church",0,0.346120540395216,2,0,NA,0,0
"307",NA,70,2,0,2,"Standard GOP Exceptions","Yes to Civil Unions",4,0,0,0,0,2,NA,1,1,0,0,1,NA,1,0,0,2,1,"Roman Catholic Church",0,0.541267990830632,1,3,1,NA,0
"310",1,56,0,0,1,"Always Permit","Yes to Both",1,1,1,1,1,0,NA,1,1,1,0,0,5,0,0,0,2,1,"Evangelical Protestant",1,0.374670866382933,0,0,0,NA,0
"311",0,62,3,0,1,"Standard GOP Exceptions","Yes to Civil Unions",4,1,0,0,0,3,1,0,1,1,0,4,2,0,1,0,2,0,"Evangelical Protestant",1,1.11765645652954,2,3,2,1,0
"312",0,61,2,0,0,"Never Permit","No to Both",0,1,1,1,0,4,0,0,0,1,0,2,2,0,1,1,2,0,"Evangelical Protestant - Ambiguous",0,2.67557909733408,1,0,2,0,1
"313",1,55,2,0,2,"Always Permit","Yes to Both",2,0,1,0,1,2,3,1,1,0,0,2,4,1,0,0,2,1,"Roman Catholic Church",1,2.0704461796466,1,1,1,3,0
"316",0,49,2,0,5,"Always Permit","No to Both",0,1,1,1,1,NA,3,1,0,1,0,3,4,0,0,1,0,0,"Evangelical Protestant",1,7.00023841334301,1,0,NA,3,0
"322",1,74,3,0,4,"Never Permit","Yes to Both",1,0,0,1,0,3,3,0,1,0,0,3,1,1,1,0,1,1,"Roman Catholic Church",0,1.57059651789437,2,0,2,3,0
"324",0,55,3,0,4,"Never Permit","No to Both",1,1,0,1,1,3,NA,0,0,0,0,6,1,0,1,1,1,0,"Evangelical Protestant - Ambiguous",0,0.516473433224358,2,0,2,NA,1
"325",0,80,3,0,5,"Never Permit","No to Both",1,1,0,0,1,4,NA,0,0,0,0,4,1,0,1,1,0,0,"Evangelical Protestant - Ambiguous",0,0.676255538722045,2,0,2,NA,1
"326",1,81,2,0,1,"Always Permit","Yes to Civil Unions",2,0,1,1,0,2,2,0,0,0,1,2,3,0,1,1,2,0,"Mainline Protestant",1,1.89525761437887,1,1,1,2,0
"328",0,70,3,0,2,"Standard GOP Exceptions","No to Both",2,1,0,1,0,4,5,0,0,0,0,5,0,0,1,1,2,0,"Evangelical Protestant",0,0.688033409109391,2,1,2,5,0
"329",0,51,2,0,1,"Establish Need","Yes to Civil Unions",4,0,0,0,0,4,3,1,1,0,0,6,0,1,0,0,2,0,"Roman Catholic Church",0,0.454558519992955,1,3,2,3,0
"331",1,52,NA,0,0,"DK","DK",1,1,1,1,0,NA,0,0,0,0,0,3,3,0,0,0,0,0,"Evangelical Protestant",1,0.722034879190687,NA,0,NA,0,0
"336",1,42,2,0,1,"Always Permit","Yes to Both",3,0,1,0,0,2,4,1,1,1,0,1,4,1,0,0,2,1,"Roman Catholic Church",1,2.28238458283197,1,2,1,4,0
"337",1,26,2,0,2,"Always Permit","Yes to Both",5,1,1,1,1,1,3,1,1,1,0,1,4,0,0,0,0,1,"Evangelical Protestant",0,0.221201231959221,1,4,0,3,0
"338",1,65,2,0,2,"Standard GOP Exceptions","No to Both",3,1,0,0,1,3,5,0,0,1,0,4,3,0,1,1,0,1,"Evangelical Protestant",0,0.760401356914807,1,2,2,5,0
"340",0,44,2,0,2,"Never Permit","No to Both",2,0,0,0,0,1,4,0,0,0,0,3,0,1,1,1,1,1,"Roman Catholic Church",0,1.86504550510162,1,1,0,4,0
"346",0,51,2,1,0,"Standard GOP Exceptions","No to Both",4,1,0,0,0,2,11,0,0,0,0,5,0,0,1,1,2,0,"Evangelical Protestant",0,1.08904853863715,1,3,1,11,0
"348",0,74,3,0,4,"Never Permit","No to Both",1,0,0,0,1,3,4,0,0,0,0,6,1,1,1,1,2,0,"Roman Catholic Church",0,1.04137138409289,2,0,2,4,0
"349",0,71,2,0,4,"Never Permit","No to Both",1,0,0,0,1,4,1,0,0,0,0,3,1,1,1,1,1,0,"Roman Catholic Church",0,0.523088014121987,1,0,2,1,0
"350",1,59,2,0,1,"Never Permit","Yes to Both",1,0,1,1,1,1,2,1,0,1,1,3,4,0,0,1,0,1,"Mainline Protestant - Ambiguous",0,0.342131238221424,1,0,0,2,1
"351",0,62,1,0,1,"Standard GOP Exceptions","No to Both",1,0,0,1,0,2,2,1,0,1,0,1,1,1,0,1,0,0,"Roman Catholic Church",0,0.59704450230174,0,0,1,2,0
"353",0,59,3,0,3,"Standard GOP Exceptions","DK",1,1,0,1,0,1,7,0,0,0,0,0,0,0,1,0,2,1,"Evangelical Protestant - Ambiguous",0,1.09203755683762,2,0,0,7,1
"355",0,55,3,0,2,"Establish Need","DK",5,0,0,0,0,3,11,1,0,0,0,6,0,1,0,0,2,0,"Roman Catholic Church",0,1.07587904944232,2,4,2,11,0
"359",0,34,2,0,4,"Never Permit","No to Both",3,1,1,1,1,3,5,0,0,1,0,6,4,0,1,1,1,0,"Evangelical Protestant",1,2.01324176936464,1,2,2,5,0
"361",0,79,3,0,NA,"Standard GOP Exceptions","No to Both",1,0,0,0,0,3,4,1,0,0,0,5,NA,1,0,1,2,0,"Roman Catholic Church",NA,0.9335281302301,2,0,2,4,0
"364",0,28,2,1,2,"Never Permit","Yes to Both",1,0,1,1,1,4,5,1,0,1,1,0,4,0,0,1,1,1,"Mainline Protestant",1,0.578212755873427,1,0,2,5,0
"365",1,38,0,0,1,"Establish Need","Yes to Civil Unions",1,0,1,1,0,3,4,0,0,1,1,3,3,0,1,1,0,0,"Mainline Protestant",0,0.503413938801954,0,0,2,4,0
"373",1,51,3,0,5,"Standard GOP Exceptions","No to Both",3,0,0,0,0,4,4,1,1,0,1,6,1,0,0,0,2,0,"Mainline Protestant",0,0.290980564224573,2,2,2,4,0
"374",0,60,3,0,5,"Standard GOP Exceptions","Yes to Civil Unions",2,1,0,0,0,3,3,0,1,0,0,1,1,0,1,0,1,1,"Evangelical Protestant",1,0.446598496863113,2,1,2,3,0
"376",0,31,2,0,2,"Standard GOP Exceptions","Yes to Both",5,0,0,0,0,2,NA,1,1,1,0,3,1,1,0,0,2,1,"Roman Catholic Church",0,2.05364268137352,1,4,1,NA,0
"380",1,67,NA,0,0,"Not Available","Not Available",1,0,1,0,1,1,2,NA,NA,1,0,1,4,1,NA,NA,0,1,"Roman Catholic Church",0,0.382100287229856,NA,0,0,2,0
"382",0,67,2,0,1,"Establish Need","No to Both",4,0,0,0,0,3,7,0,1,0,1,4,0,0,1,0,2,0,"Mainline Protestant - Ambiguous",0,0.499975133870134,1,3,2,7,1
"383",0,32,2,0,2,"Standard GOP Exceptions","No to Both",4,0,0,0,0,4,7,1,1,0,1,6,0,0,0,0,2,0,"Mainline Protestant",0,0.909688159355916,1,3,2,7,0
"384",1,24,2,0,1,"Standard GOP Exceptions","DK",1,0,0,1,0,1,2,1,0,1,1,3,2,0,0,0,0,1,"Mainline Protestant",0,1.32045979039376,1,0,0,2,0
"388",0,23,3,0,2,"Standard GOP Exceptions","Yes to Civil Unions",2,0,0,1,0,4,3,1,0,0,1,6,0,0,0,1,0,0,"Mainline Protestant",0,1.02325337313337,2,1,2,3,0
"390",1,43,3,1,3,"DK","No to Both",4,1,1,1,1,3,7,0,0,1,0,1,5,0,0,1,1,0,"Evangelical Protestant",1,0.329306786037956,2,3,2,7,0
"391",1,33,NA,1,4,"Not Available","Not Available",2,1,0,1,0,2,2,NA,NA,1,0,0,2,0,NA,NA,1,1,"Evangelical Protestant",0,0.662655816795798,NA,1,1,2,0
"394",1,49,3,0,1,"Always Permit","Yes to Both",3,0,1,0,1,2,1,0,0,0,1,1,4,0,1,1,0,1,"Mainline Protestant - Ambiguous",1,0.359512566544141,2,2,1,1,1
"397",1,55,3,0,0,"Standard GOP Exceptions","Yes to Both",3,0,0,0,1,1,1,1,0,0,1,1,3,0,0,1,0,1,"Mainline Protestant",1,0.552402067550565,2,2,0,1,0
"399",1,29,2,0,4,"Always Permit","Yes to Both",4,0,1,1,1,0,5,0,0,1,1,2,5,0,1,1,1,1,"Mainline Protestant",1,0.22887876212728,1,3,0,5,0
"400",0,51,3,0,4,"Never Permit","No to Both",4,1,0,0,0,4,0,0,0,0,0,6,0,0,1,1,2,0,"Evangelical Protestant",0,0.476275396036118,2,3,2,0,0
"401",0,66,2,0,NA,"Never Permit","No to Both",0,0,1,0,1,NA,0,0,0,1,0,NA,4,1,1,1,0,1,"Roman Catholic Church",1,3.17513446127532,1,0,NA,0,0
"405",1,52,3,0,0,"Always Permit","Yes to Both",4,0,1,1,1,1,5,1,1,1,0,1,5,1,0,0,0,1,"Roman Catholic Church",1,0.99430855110217,2,3,0,5,0
"406",1,44,NA,0,1,"Not Available","Not Available",3,0,0,1,0,3,2,NA,NA,0,0,1,1,1,NA,NA,0,1,"Roman Catholic Church",0,1.21992270535377,NA,2,2,2,0
"407",1,59,3,0,3,"Always Permit","Yes to Both",4,0,0,0,1,0,8,1,1,1,0,0,4,1,0,0,2,1,"Roman Catholic Church",1,0.439379549357862,2,3,0,8,0
"408",0,69,2,0,4,"Never Permit","No to Both",5,0,0,0,1,3,10,0,0,0,0,5,1,1,1,1,2,0,"Roman Catholic Church",0,0.935151218214071,1,4,2,10,0
"409",0,59,3,0,5,"Never Permit","No to Both",2,0,0,0,1,3,6,0,0,0,0,6,1,1,1,1,1,0,"Roman Catholic Church",0,1.07937292142043,2,1,2,6,0
"410",1,44,3,0,1,"DK","DK",2,1,1,1,1,NA,4,0,0,0,0,0,3,0,0,0,0,1,"Evangelical Protestant - Ambiguous",0,2.03933432234043,2,1,NA,4,1
"411",1,46,2,0,4,"Always Permit","Yes to Both",3,1,0,1,1,3,11,1,1,1,0,6,3,0,0,0,1,1,"Evangelical Protestant - Ambiguous",0,2.06390927266436,1,2,2,11,1
"412",1,29,3,0,3,"Standard GOP Exceptions","No to Both",4,1,0,1,0,2,10,0,0,0,0,5,1,0,1,1,0,0,"Evangelical Protestant",0,0.572654363086122,2,3,1,10,0
"414",1,50,1,0,1,"DK","Yes to Both",3,0,0,1,0,NA,2,0,1,0,0,NA,1,1,0,0,0,1,"Roman Catholic Church",0,1.25307998849119,0,2,NA,2,0
"417",1,68,2,0,1,"Establish Need","Yes to Both",4,0,0,0,1,3,9,0,0,0,1,6,2,0,1,1,1,1,"Mainline Protestant",0,0.452439571889556,1,3,2,9,0
"421",0,55,3,0,4,"Standard GOP Exceptions","No to Both",3,1,1,0,0,1,2,0,0,1,0,0,2,0,1,1,2,0,"Evangelical Protestant",0,0.552402067550565,2,2,0,2,0
"423",1,37,NA,0,5,"Not Available","Not Available",4,0,0,0,0,1,9,NA,NA,1,0,0,3,1,NA,NA,0,1,"Roman Catholic Church",1,0.261257944601253,NA,3,0,9,0
"424",1,47,3,0,1,"Always Permit","Yes to Both",4,0,1,1,1,1,2,0,0,1,1,0,4,0,1,1,2,1,"Mainline Protestant",0,1.18643046164006,2,3,0,2,0
"425",0,30,1,0,2,"Never Permit","DK",2,1,0,0,1,3,6,0,0,0,0,5,2,0,1,0,0,0,"Evangelical Protestant - Ambiguous",1,1.50464159735092,0,1,2,6,1
"428",0,66,1,0,4,"Standard GOP Exceptions","Yes to Both",1,0,0,1,0,NA,2,1,1,1,0,0,2,1,0,0,0,1,"Roman Catholic Church",1,0.246252597034454,0,0,NA,2,0
"429",1,52,2,0,2,"Establish Need","Yes to Civil Unions",4,1,1,0,1,2,9,1,1,1,0,2,4,0,0,0,0,0,"Evangelical Protestant",0,0.197702578225418,1,3,1,9,0
"432",1,25,2,0,0,"Never Permit","No to Both",5,0,1,0,1,2,4,0,0,1,0,5,4,1,1,1,2,1,"Roman Catholic Church",0,0.143036703565102,1,4,1,4,0
"434",0,67,2,0,1,"Standard GOP Exceptions","DK",2,0,0,0,0,3,3,1,0,1,0,3,1,1,0,0,0,0,"Roman Catholic Church",0,0.362556625933051,1,1,2,3,0
"438",1,83,NA,0,2,"Establish Need","Yes to Civil Unions",4,0,0,0,1,3,10,0,0,1,1,6,3,0,1,1,1,0,"Mainline Protestant",0,0.452439571889556,NA,3,2,10,0
"441",1,66,2,0,1,"Standard GOP Exceptions","Yes to Both",1,0,0,1,1,2,4,1,1,1,0,5,3,1,0,0,2,1,"Roman Catholic Church",0,0.782437478252732,1,0,1,4,0
"442",1,64,1,0,3,"Establish Need","Yes to Civil Unions",2,0,1,1,1,2,10,0,0,1,1,3,5,0,1,1,1,1,"Mainline Protestant",1,2.22121835232816,0,1,1,10,0
"443",1,52,2,0,3,"Always Permit","Yes to Both",2,1,1,0,1,4,NA,1,1,1,0,1,5,0,0,0,2,1,"Evangelical Protestant",1,0.795541450222251,1,1,2,NA,0
"444",0,56,NA,0,4,"Not Available","Not Available",2,1,0,0,1,4,0,NA,NA,0,0,6,1,0,NA,NA,0,0,"Evangelical Protestant - Ambiguous",0,0.332705043435257,NA,1,2,0,1
"445",0,27,3,0,4,"Standard GOP Exceptions","Yes to Civil Unions",4,1,0,0,0,2,4,0,1,0,0,4,0,0,1,0,2,1,"Evangelical Protestant",0,5.30562971157376,2,3,1,4,0
"449",1,25,2,0,1,"DK","Yes to Both",4,0,1,1,1,1,7,0,1,1,0,NA,4,1,0,0,0,1,"Roman Catholic Church",0,0.190331128380929,1,3,0,7,0
"451",1,55,3,0,2,"Always Permit","Yes to Both",2,0,0,0,1,2,9,1,1,0,0,4,2,1,0,0,2,1,"Roman Catholic Church",0,0.974256440623031,2,1,1,9,0
"453",1,34,2,0,1,"Always Permit","Yes to Civil Unions",1,0,0,1,1,2,2,1,1,1,0,0,3,1,0,0,0,1,"Roman Catholic Church",0,0.634930616267081,1,0,1,2,0
"455",1,43,3,0,0,"Never Permit","Yes to Both",4,0,1,0,1,1,6,0,1,1,0,1,4,1,1,0,1,1,"Roman Catholic Church",0,1.01871541458526,2,3,0,6,0
"457",1,55,1,0,1,"Always Permit","No to Both",2,1,0,1,0,NA,3,1,0,0,0,NA,1,0,0,1,0,0,"Evangelical Protestant",0,0.828861740452809,0,1,NA,3,0
"458",0,56,2,0,1,"Standard GOP Exceptions","Yes to Civil Unions",4,0,0,0,0,3,9,1,1,0,0,6,0,1,0,0,2,0,"Roman Catholic Church",0,0.810477147394973,1,3,2,9,0
"459",0,36,3,0,3,"Standard GOP Exceptions","DK",4,0,1,1,0,1,1,1,0,1,1,0,2,0,0,0,0,1,"Mainline Protestant",0,1.36978483756332,2,3,0,1,0
"460",NA,39,3,0,5,"Standard GOP Exceptions","No to Both",3,1,0,1,0,2,4,0,0,0,0,0,NA,0,1,1,1,0,"Evangelical Protestant",0,2.63215892397754,2,2,1,4,0
"464",1,38,3,0,1,"Never Permit","Yes to Both",3,0,1,1,1,1,4,0,1,0,0,5,4,1,1,0,0,1,"Roman Catholic Church",1,2.34164558508859,2,2,0,4,0
"466",0,54,3,0,5,"Never Permit","No to Both",2,1,0,0,0,2,8,0,0,0,0,5,0,0,1,1,2,0,"Evangelical Protestant",0,0.879148397093519,2,1,1,8,0
"471",0,44,3,0,4,"DK","Yes to Both",5,1,0,0,0,3,8,0,1,1,0,2,1,0,0,0,2,0,"Evangelical Protestant",0,1.82173663174264,2,4,2,8,0
"474",0,59,NA,0,4,"Not Available","Not Available",1,1,1,1,0,3,10,NA,NA,0,0,6,1,0,NA,NA,2,0,"Evangelical Protestant - Ambiguous",0,0.616267267465388,NA,0,2,10,1
"475",1,40,2,0,1,"Always Permit","Yes to Both",4,0,1,1,1,1,8,1,1,1,0,1,4,1,0,0,0,1,"Roman Catholic Church",0,1.4246623320264,1,3,0,8,0
"477",0,66,2,0,4,"Standard GOP Exceptions","Yes to Both",3,1,0,1,0,3,2,0,1,1,0,3,2,0,1,0,0,1,"Evangelical Protestant",1,0.834872327895405,1,2,2,2,0
"479",0,56,3,0,2,"Standard GOP Exceptions","Yes to Civil Unions",1,1,0,0,0,2,10,0,1,0,0,4,0,0,1,0,2,1,"Evangelical Protestant - Ambiguous",0,1.41692016649229,2,0,1,10,1
"480",1,18,1,0,1,"Establish Need","Yes to Civil Unions",0,0,1,0,0,NA,3,0,0,1,1,NA,3,0,1,1,0,1,"Mainline Protestant - Ambiguous",0,2.43535464028814,0,0,NA,3,1
"483",0,49,2,0,3,"Standard GOP Exceptions","Yes to Both",3,0,1,0,0,2,NA,1,1,1,0,4,2,1,0,0,2,1,"Roman Catholic Church",0,0.458105544277793,1,2,1,NA,0
"484",1,73,2,0,0,"DK","DK",0,0,1,1,1,2,3,0,0,1,1,1,4,0,0,0,1,1,"Mainline Protestant",0,1.38224701807724,1,0,1,3,0
"485",0,46,3,0,4,"Never Permit","No to Both",4,1,0,1,0,4,NA,0,0,0,0,6,0,0,1,1,2,0,"Evangelical Protestant",0,0.759108720795058,2,3,2,NA,0
"486",0,50,NA,0,0,"Not Available","Not Available",1,1,0,1,0,4,8,NA,NA,0,0,6,0,0,NA,NA,2,0,"Evangelical Protestant",0,0.341994317334467,NA,0,2,8,0
"487",1,24,0,1,5,"Standard GOP Exceptions","No to Both",1,0,0,1,0,3,4,1,0,0,0,0,1,1,0,1,2,0,"Roman Catholic Church",0,2.74866087014105,0,0,2,4,0
"488",1,47,3,0,4,"Establish Need","Yes to Civil Unions",1,0,1,0,1,4,7,0,0,1,1,1,4,0,1,1,0,1,"Mainline Protestant",0,0.544035414041182,2,0,2,7,0
"489",0,40,3,0,5,"Never Permit","No to Both",4,1,0,1,1,4,8,0,0,0,0,6,1,0,1,1,0,0,"Evangelical Protestant - Ambiguous",0,1.3491941368453,2,3,2,8,1
"491",1,50,1,0,4,"Standard GOP Exceptions","No to Both",1,0,1,1,0,3,5,1,1,0,1,1,2,0,0,0,0,0,"Mainline Protestant",0,1.25074971211457,0,0,2,5,0
"493",1,54,2,0,0,"Never Permit","DK",5,0,0,1,1,2,NA,0,0,0,0,3,2,1,1,0,0,1,"Roman Catholic Church",0,0.424921076237322,1,4,1,NA,0
"500",1,39,2,0,2,"Never Permit","No to Both",3,0,0,0,0,1,5,0,0,0,0,1,1,1,1,1,2,1,"Roman Catholic Church",0,1.21030838041559,1,2,0,5,0
"501",1,60,2,0,2,"Never Permit","No to Both",4,0,0,1,1,3,6,0,0,0,0,5,2,1,1,1,2,1,"Roman Catholic Church",0,0.883025960604253,1,3,2,6,0
"503",1,61,3,0,1,"Never Permit","No to Both",2,0,1,0,1,2,8,0,0,1,0,2,5,1,1,1,2,1,"Roman Catholic Church",1,1.41147646462042,2,1,1,8,0
"506",1,63,2,0,3,"Always Permit","DK",2,0,1,1,1,1,1,0,0,0,1,1,4,0,1,0,0,0,"Mainline Protestant",1,0.7467252784935,1,1,0,1,0
"507",1,31,2,0,1,"Never Permit","No to Both",4,1,NA,0,1,2,4,0,0,NA,0,3,NA,0,1,1,2,1,"Evangelical Protestant",0,0.381134447721155,1,3,1,4,0
"508",1,27,3,0,3,"Standard GOP Exceptions","Yes to Civil Unions",2,0,0,1,0,2,4,1,1,0,0,1,1,1,0,0,0,1,"Roman Catholic Church",0,0.784577975683085,2,1,1,4,0
"509",NA,26,2,0,3,"Never Permit","DK",2,0,NA,0,NA,NA,4,0,0,NA,0,NA,NA,1,1,0,0,0,"Roman Catholic Church",NA,0.374161742326608,1,1,NA,4,0
"510",1,22,2,0,4,"Always Permit","Yes to Both",4,1,1,1,1,2,11,1,1,1,0,1,4,0,0,0,0,1,"Evangelical Protestant - Ambiguous",0,0.402376103401438,1,3,1,11,1
"512",0,38,1,0,4,"Never Permit","Yes to Both",1,0,0,1,1,3,NA,0,1,0,0,6,1,1,1,0,1,1,"Roman Catholic Church",0,1.07761075192389,0,0,2,NA,0
"513",0,41,3,0,2,"Never Permit","No to Both",2,1,0,1,1,NA,1,0,0,0,0,4,1,0,1,1,0,0,"Evangelical Protestant - Ambiguous",0,2.40422304365988,2,1,NA,1,1
"514",1,28,3,0,1,"Never Permit","No to Both",5,1,1,1,1,3,3,0,0,0,0,6,3,0,1,1,2,1,"Evangelical Protestant",0,0.850860898946621,2,4,2,3,0
"517",0,51,1,0,0,"Standard GOP Exceptions","No to Both",2,0,1,0,0,2,1,1,0,1,0,1,2,1,0,1,0,0,"Roman Catholic Church",0,1.88709073874842,0,1,1,1,0
"518",1,39,NA,0,1,"Not Available","Not Available",1,1,0,1,0,NA,3,NA,NA,1,0,3,2,0,NA,NA,1,1,"Evangelical Protestant - Ambiguous",0,0.981903604575495,NA,0,NA,3,1
"519",1,47,1,1,2,"Always Permit","Yes to Both",4,1,1,1,1,1,9,1,1,1,0,0,5,0,0,0,0,1,"Evangelical Protestant",1,0.295369889639216,0,3,0,9,0
"520",0,69,2,0,1,"Standard GOP Exceptions","No to Both",1,0,1,1,1,3,NA,1,1,0,1,5,2,0,0,0,2,1,"Mainline Protestant - Ambiguous",0,1.08422631152696,1,0,2,NA,1
"522",NA,78,NA,0,2,"Not Available","Not Available",1,1,NA,1,NA,2,1,NA,NA,NA,0,1,NA,0,NA,NA,0,NA,"Evangelical Protestant - Ambiguous",0,2.03537775730753,NA,0,1,1,1
"523",1,55,2,0,0,"Always Permit","DK",1,0,0,1,0,NA,2,1,0,0,0,NA,1,1,0,0,0,0,"Roman Catholic Church",0,0.526342367919661,1,0,NA,2,0
"525",0,54,3,0,1,"Establish Need","Yes to Civil Unions",1,0,0,1,1,3,3,0,0,0,1,6,1,0,1,1,2,1,"Mainline Protestant",0,1.14336023848652,2,0,2,3,0
"526",1,50,NA,0,1,"Not Available","Not Available",1,0,1,0,1,NA,3,NA,NA,1,0,3,4,1,NA,NA,0,1,"Roman Catholic Church",0,0.158588518227731,NA,0,NA,3,0
"527",0,73,3,0,0,"Standard GOP Exceptions","No to Both",1,1,0,0,0,3,3,0,0,0,0,4,0,0,1,1,2,0,"Evangelical Protestant",0,1.03160925984888,2,0,2,3,0
"528",NA,53,2,0,1,"Never Permit","No to Both",1,0,NA,0,0,3,6,0,0,1,0,4,NA,1,1,1,0,0,"Roman Catholic Church",NA,0.907389760308477,1,0,2,6,0
"529",1,76,3,0,1,"Standard GOP Exceptions","Yes to Both",1,0,0,1,1,3,NA,1,0,0,1,4,2,0,0,1,1,1,"Mainline Protestant",0,1.31626555332616,2,0,2,NA,0
"531",1,43,NA,0,0,"Not Available","Not Available",1,0,0,0,0,NA,2,NA,NA,1,0,3,2,1,NA,NA,0,1,"Roman Catholic Church",0,1.27757025740466,NA,0,NA,2,0
"532",1,74,3,0,1,"Always Permit","No to Both",1,0,1,0,0,3,3,1,0,1,0,4,4,1,0,1,0,0,"Roman Catholic Church",1,0.485073438326841,2,0,2,3,0
"533",1,64,3,0,4,"Establish Need","No to Both",1,1,0,0,1,4,NA,1,0,0,0,3,2,0,0,1,2,0,"Evangelical Protestant",0,0.53621946772083,2,0,2,NA,0
"535",1,44,NA,1,3,"Not Available","Not Available",4,0,1,1,1,3,2,NA,NA,1,1,0,4,0,NA,NA,2,1,"Mainline Protestant",0,0.283799047358406,NA,3,2,2,0
"536",0,35,2,0,1,"Standard GOP Exceptions","Yes to Both",1,1,0,1,0,3,8,0,1,1,0,5,1,0,1,0,1,1,"Evangelical Protestant - Ambiguous",0,1.4739297468601,1,0,2,8,1
"538",0,44,3,0,4,"Standard GOP Exceptions","No to Both",5,0,0,1,0,2,4,1,0,0,0,2,0,1,0,1,1,1,"Roman Catholic Church",0,0.0704322826478276,2,4,1,4,0
"541",0,24,3,0,5,"Standard GOP Exceptions","DK",4,1,0,1,NA,2,1,0,0,0,0,3,NA,0,1,0,0,1,"Evangelical Protestant",0,0.444544024392006,2,3,1,1,0
"542",0,69,2,0,2,"Standard GOP Exceptions","DK",1,0,1,0,0,2,4,1,0,0,0,2,2,1,0,0,2,1,"Roman Catholic Church",1,0.844096230205071,1,0,1,4,0
"543",1,45,2,1,3,"Always Permit","No to Both",3,1,1,1,0,1,2,1,0,1,0,0,3,0,0,1,2,0,"Evangelical Protestant",0,0.363061075379271,1,2,0,2,0
"548",1,63,2,0,1,"Establish Need","Yes to Both",1,0,0,1,0,2,4,1,1,1,0,0,2,1,0,0,0,1,"Roman Catholic Church",0,0.520409452688105,1,0,1,4,0
"550",0,54,3,1,4,"Establish Need","No to Both",4,1,0,1,0,3,8,1,0,0,0,0,0,0,0,1,2,0,"Evangelical Protestant",0,0.434427192684965,2,3,2,8,0
"551",1,60,1,0,2,"Always Permit","Yes to Both",1,0,1,1,1,2,3,1,1,1,0,0,4,1,0,0,2,1,"Roman Catholic Church",0,1.15232789173322,0,0,1,3,0
"552",1,53,3,0,5,"Never Permit","Yes to Civil Unions",1,1,0,1,0,3,3,0,1,0,0,6,1,0,1,0,0,0,"Evangelical Protestant - Ambiguous",0,1.14239241675472,2,0,2,3,1
"553",0,44,3,0,4,"Standard GOP Exceptions","No to Both",1,1,0,1,0,3,5,0,0,0,0,6,0,0,1,1,2,0,"Evangelical Protestant",0,0.647036097943541,2,0,2,5,0
"561",0,48,NA,1,4,"Not Available","Not Available",3,1,1,0,1,2,3,NA,NA,1,0,2,3,0,NA,NA,2,1,"Evangelical Protestant",0,0.759252133422324,NA,2,1,3,0
"562",1,30,0,0,1,"DK","DK",1,0,1,1,1,NA,NA,0,0,1,0,3,4,1,0,0,0,1,"Roman Catholic Church",0,0.160638691833062,0,0,NA,NA,0
"563",0,69,3,0,1,"Never Permit","No to Both",1,1,0,1,1,3,4,0,0,0,0,1,1,0,1,1,0,0,"Evangelical Protestant",0,0.894317773332612,2,0,2,4,0
"564",0,52,2,0,5,"Standard GOP Exceptions","No to Both",1,1,1,0,0,NA,0,0,0,0,0,NA,2,0,1,1,0,0,"Evangelical Protestant",1,0.537374686355829,1,0,NA,0,0
"565",1,52,3,0,4,"Standard GOP Exceptions","No to Both",2,1,1,0,0,2,0,0,0,0,0,2,2,0,1,1,0,0,"Evangelical Protestant",0,1.22152379200925,2,1,1,0,0
"569",1,39,3,0,3,"Always Permit","Yes to Both",5,0,0,1,1,1,12,1,1,1,0,0,3,1,0,0,2,1,"Roman Catholic Church",0,0.236475685527351,2,4,0,11,0
"571",1,80,NA,0,5,"Not Available","Not Available",1,1,NA,1,NA,3,3,NA,NA,NA,0,6,NA,0,NA,NA,NA,0,"Evangelical Protestant",NA,0.697311893487477,NA,0,2,3,0
"572",0,66,2,1,5,"DK","No to Both",1,1,0,1,0,3,0,0,0,0,0,0,0,0,0,1,0,0,"Evangelical Protestant",0,5.47156763335918,1,0,2,0,0
"573",0,48,2,0,4,"Standard GOP Exceptions","No to Both",1,1,1,0,0,1,2,0,0,1,0,1,2,0,1,1,1,0,"Evangelical Protestant",0,0.93107620407972,1,0,0,2,0
"576",1,50,NA,1,4,"Not Available","Not Available",2,1,0,1,0,NA,8,NA,NA,1,0,0,2,0,NA,NA,0,0,"Evangelical Protestant",0,0.10721864741885,NA,1,NA,8,0
"577",0,29,3,0,5,"Standard GOP Exceptions","No to Both",4,1,0,1,0,3,3,0,0,0,0,6,0,0,1,1,2,0,"Evangelical Protestant",0,0.692259808627421,2,3,2,3,0
"579",1,49,3,1,3,"DK","DK",3,0,1,1,1,2,1,0,0,1,1,0,4,0,0,0,1,NA,"Mainline Protestant",0,0.689928624897085,2,2,1,1,0
"583",0,70,3,0,1,"Always Permit","DK",1,0,1,0,0,2,NA,1,0,1,0,2,2,1,0,0,0,1,"Roman Catholic Church",0,0.844096230205071,2,0,1,NA,0
"586",0,32,NA,0,3,"Not Available","Not Available",4,0,0,1,0,NA,5,NA,NA,0,0,3,0,1,NA,NA,0,1,"Roman Catholic Church",0,0.526565681927118,NA,3,NA,5,0
"588",1,27,2,0,1,"Never Permit","No to Both",4,0,1,0,0,2,4,0,0,1,0,1,3,1,1,1,2,1,"Roman Catholic Church",0,1.61640902185773,1,3,1,4,0
"592",0,58,2,0,4,"Never Permit","No to Both",1,1,0,1,1,NA,2,0,0,0,0,NA,1,0,1,1,1,0,"Evangelical Protestant",0,0.305143759924341,1,0,NA,2,0
"594",1,70,2,0,4,"Never Permit","DK",1,0,1,1,1,2,6,0,0,1,0,2,4,1,1,0,2,1,"Roman Catholic Church",0,2.05733471730513,1,0,1,6,0
"595",0,69,2,0,1,"Establish Need","Yes to Civil Unions",1,0,0,1,1,1,5,0,0,1,1,1,2,0,1,1,0,0,"Mainline Protestant",0,1.0143564734857,1,0,0,5,0
"598",0,65,3,0,5,"Never Permit","No to Both",1,1,0,0,0,4,2,0,0,0,0,6,0,0,1,1,2,0,"Evangelical Protestant - Ambiguous",0,0.611959967006712,2,0,2,2,1
"599",1,59,1,0,2,"Standard GOP Exceptions","No to Both",1,1,0,1,1,NA,4,0,0,0,0,3,2,0,1,1,1,0,"Evangelical Protestant - Ambiguous",0,0.63017603865616,0,0,NA,4,1
"600",1,68,3,0,4,"Standard GOP Exceptions","Yes to Civil Unions",1,0,1,1,1,2,3,1,0,1,1,2,4,0,0,1,2,0,"Mainline Protestant",0,1.9764125099938,2,0,1,3,0
"601",0,40,3,0,4,"Never Permit","No to Both",5,1,0,1,0,3,10,0,0,0,0,5,0,0,1,1,1,0,"Evangelical Protestant",0,0.459579276301909,2,4,2,10,0
"602",1,51,2,1,0,"Standard GOP Exceptions","Yes to Civil Unions",4,0,0,0,1,1,10,1,1,1,0,0,3,1,0,0,0,1,"Roman Catholic Church",0,0.28295024420174,1,3,0,10,0
"605",1,27,3,0,2,"Establish Need","Yes to Both",5,0,1,1,0,3,3,0,0,1,1,3,3,0,1,1,1,1,"Mainline Protestant - Ambiguous",0,0.193930081765159,2,4,2,3,1
"608",1,24,3,0,4,"Always Permit","Yes to Both",4,0,1,1,1,2,NA,0,0,1,1,NA,4,0,1,1,0,1,"Mainline Protestant",0,0.403437635237106,2,3,1,NA,0
"609",1,68,2,0,2,"Standard GOP Exceptions","No to Both",1,0,1,1,1,3,7,1,0,0,0,3,3,1,0,1,0,1,"Roman Catholic Church",0,1.19455224463819,1,0,2,7,0
"610",0,48,1,0,2,"Never Permit","No to Both",1,0,0,1,1,3,4,0,0,0,0,6,1,1,1,1,0,0,"Roman Catholic Church",0,1.14336023848652,0,0,2,4,0
"611",1,71,2,0,2,"Always Permit","Yes to Both",1,0,1,1,1,2,2,1,1,1,0,0,4,1,0,0,2,1,"Roman Catholic Church",0,0.532760936237705,1,0,1,2,0
"612",0,68,3,0,5,"Standard GOP Exceptions","No to Both",1,1,0,1,0,2,2,0,0,0,0,5,0,0,1,1,0,0,"Evangelical Protestant",0,0.896898707870603,2,0,1,2,0
"614",0,76,3,0,2,"Establish Need","Yes to Both",1,0,1,1,0,2,3,0,0,1,1,1,2,0,1,1,0,1,"Mainline Protestant",0,0.760877562129974,2,0,1,3,0
"616",1,65,3,0,0,"Always Permit","Yes to Both",1,0,NA,1,1,NA,4,1,1,0,0,1,NA,1,0,0,0,1,"Roman Catholic Church",0,0.346120540395216,2,0,NA,4,0
"618",1,20,NA,1,4,"Not Available","Not Available",2,1,1,0,1,2,7,NA,NA,0,0,2,3,0,NA,NA,2,1,"Evangelical Protestant",0,0.547478248717648,NA,1,1,7,0
"619",1,67,2,1,2,"Standard GOP Exceptions","No to Both",2,1,1,1,0,1,2,0,0,1,0,0,4,0,1,1,2,1,"Evangelical Protestant",1,1.71316646383754,1,1,0,2,0
"622",1,66,NA,1,2,"Not Available","Not Available",4,0,1,0,1,1,4,NA,NA,1,0,0,5,1,NA,NA,2,1,"Roman Catholic Church",1,0.156160146630396,NA,3,0,4,0
"626",1,30,2,0,1,"Never Permit","No to Both",4,0,1,0,1,2,10,0,0,1,0,4,5,1,1,1,0,1,"Roman Catholic Church",1,0.659430974853004,1,3,1,10,0
"629",1,30,2,0,2,"DK","DK",3,0,1,1,1,1,3,0,0,1,0,NA,4,1,0,0,0,1,"Roman Catholic Church",0,0.444642980754523,1,2,0,3,0
"630",1,59,2,0,2,"Standard GOP Exceptions","Yes to Both",1,0,1,1,1,2,NA,1,1,1,0,0,4,1,0,0,0,1,"Roman Catholic Church",0,0.714608196237274,1,0,1,NA,0
"631",0,67,3,0,1,"Standard GOP Exceptions","No to Both",1,1,0,0,0,3,5,0,0,1,0,5,1,0,1,1,2,0,"Evangelical Protestant",0,0.9335281302301,2,0,2,5,0
"632",0,22,2,0,4,"Standard GOP Exceptions","Yes to Civil Unions",3,1,0,1,0,3,5,0,1,0,0,5,0,0,1,0,1,1,"Evangelical Protestant - Ambiguous",0,1.9193790801894,1,2,2,5,1
"633",1,66,2,0,2,"Standard GOP Exceptions","DK",1,0,0,0,1,3,7,1,0,1,0,2,3,1,0,0,0,1,"Roman Catholic Church",0,0.174054209703169,1,0,2,7,0
"636",0,65,2,0,1,"Standard GOP Exceptions","Yes to Both",1,0,NA,1,0,4,10,1,0,0,1,6,NA,0,0,1,2,1,"Mainline Protestant",0,0.822971127283015,1,0,2,10,0
"637",1,46,2,0,2,"Standard GOP Exceptions","No to Both",1,0,0,0,0,3,3,1,0,0,0,1,1,1,0,1,1,1,"Roman Catholic Church",0,1.60177288663441,1,0,2,3,0
"638",1,58,2,0,4,"Never Permit","DK",1,0,0,1,1,3,5,0,0,0,0,5,3,1,1,0,0,1,"Roman Catholic Church",1,0.99660154920143,1,0,2,5,0
"641",1,58,3,0,4,"Always Permit","Yes to Both",1,0,1,1,0,1,5,0,0,1,1,0,4,0,1,1,2,1,"Mainline Protestant",1,0.952672921291106,2,0,0,5,0
"644",0,79,3,0,5,"Never Permit","No to Both",1,0,0,1,1,4,3,0,0,0,0,4,1,1,1,1,0,0,"Roman Catholic Church",0,0.837311504201846,2,0,2,3,0
"647",0,25,3,0,5,"Never Permit","No to Both",4,1,0,1,0,3,NA,0,0,1,0,6,1,0,1,1,1,0,"Evangelical Protestant - Ambiguous",0,0.373125674899847,2,3,2,NA,1
"650",0,65,2,1,2,"DK","DK",1,1,1,0,0,2,6,0,0,1,0,0,2,0,0,0,0,1,"Evangelical Protestant",0,2.66458700437935,1,0,1,6,0
"651",0,37,NA,1,5,"Not Available","Not Available",5,1,1,1,0,3,4,NA,NA,1,0,2,2,0,NA,NA,0,0,"Evangelical Protestant",0,1.57973177304452,NA,4,2,4,0
"652",1,53,3,1,2,"Never Permit","No to Both",1,0,1,1,1,1,4,0,0,1,0,0,5,1,1,1,0,1,"Roman Catholic Church",1,0.318284448054106,2,0,0,4,0
"653",0,33,3,0,5,"Never Permit","No to Both",1,1,0,1,1,4,NA,0,0,0,0,6,1,0,1,1,1,0,"Evangelical Protestant - Ambiguous",0,0.273403775543178,2,0,2,NA,1
"654",0,29,1,0,4,"Standard GOP Exceptions","Yes to Both",4,0,1,1,0,NA,5,1,0,0,1,NA,1,0,0,1,0,1,"Mainline Protestant",0,0.25994428404426,0,3,NA,5,0
"656",0,76,2,0,4,"Standard GOP Exceptions","No to Both",1,0,1,1,0,3,3,1,1,1,1,6,3,0,0,0,0,0,"Mainline Protestant",1,1.48297834819754,1,0,2,3,0
"657",0,59,3,1,1,"Never Permit","No to Both",3,0,0,1,0,3,7,0,0,0,0,3,0,1,1,1,2,0,"Roman Catholic Church",0,0.426972615449564,2,2,2,7,0
"659",1,43,1,1,3,"Always Permit","DK",1,1,1,1,1,2,2,1,0,1,0,1,5,0,0,0,1,1,"Evangelical Protestant",1,2.31108722945781,0,0,1,2,0
"661",0,29,1,0,2,"Never Permit","Yes to Both",2,0,0,1,1,NA,7,1,0,0,1,NA,1,0,0,1,0,1,"Mainline Protestant - Ambiguous",0,1.00596808408213,0,1,NA,7,1
"663",1,35,3,0,2,"DK","DK",4,1,0,1,0,3,7,0,0,0,0,4,1,0,0,0,0,1,"Evangelical Protestant",0,0.209962453293417,2,3,2,7,0
"667",0,31,NA,0,3,"Not Available","Not Available",1,0,0,0,0,2,6,NA,NA,0,0,0,0,1,NA,NA,1,0,"Roman Catholic Church",0,5.94179370902761,NA,0,1,6,0
"668",1,70,1,0,1,"Always Permit","DK",1,0,0,1,0,2,8,0,0,0,1,4,1,0,1,0,0,1,"Mainline Protestant",0,3.53712601629843,0,0,1,8,0
"672",1,50,1,0,4,"Standard GOP Exceptions","Yes to Civil Unions",2,0,0,0,0,3,7,1,1,1,0,1,3,1,0,0,2,1,"Roman Catholic Church",1,0.492102559956432,0,1,2,7,0
"677",0,28,3,0,4,"Never Permit","No to Both",1,0,1,1,1,1,1,1,1,1,1,6,4,0,0,0,1,0,"Mainline Protestant",1,2.19973444854703,2,0,0,1,0
"679",0,63,NA,0,4,"Not Available","Not Available",1,0,1,1,1,2,2,NA,NA,1,0,3,3,1,NA,NA,0,1,"Roman Catholic Church",0,0.413832869209158,NA,0,1,2,0
"681",0,56,1,0,0,"Standard GOP Exceptions","Yes to Both",1,0,0,0,0,4,2,1,0,0,1,6,0,0,0,1,2,0,"Mainline Protestant - Ambiguous",0,0.388843657670529,0,0,2,2,1
"683",0,41,3,0,5,"Standard GOP Exceptions","No to Both",1,1,0,0,0,1,4,0,0,1,0,6,1,0,1,1,1,0,"Evangelical Protestant",0,2.89886822619777,2,0,0,4,0
"684",0,23,3,0,4,"Never Permit","No to Both",4,1,0,1,1,4,2,0,0,0,0,6,1,0,1,1,1,0,"Evangelical Protestant",0,0.504784968362364,2,3,2,2,0
"685",0,36,0,0,1,"Standard GOP Exceptions","Yes to Both",1,1,0,1,0,NA,7,0,1,1,0,5,1,0,1,0,0,1,"Evangelical Protestant - Ambiguous",0,0.368009983568415,0,0,NA,7,1
"686",1,69,2,0,2,"Standard GOP Exceptions","Yes to Civil Unions",2,0,0,1,1,1,2,1,1,1,0,1,3,1,0,0,1,1,"Roman Catholic Church",0,1.18656808224712,1,1,0,2,0
"687",0,29,1,1,3,"Standard GOP Exceptions","No to Both",4,1,1,1,0,NA,4,0,0,0,0,0,1,0,1,1,0,0,"Evangelical Protestant - Ambiguous",0,0.111096814835649,0,3,NA,4,1
"688",1,27,1,0,2,"DK","Yes to Both",2,0,1,1,0,NA,2,0,1,1,0,1,NA,1,0,0,NA,1,"Roman Catholic Church",NA,0.607946662382956,0,1,NA,2,0
"689",0,66,2,0,1,"Never Permit","Yes to Both",1,0,0,1,1,1,5,0,1,0,0,0,1,1,1,0,1,1,"Roman Catholic Church",0,1.0143564734857,1,0,0,5,0
"691",1,57,2,1,5,"Establish Need","No to Both",2,1,0,1,1,1,2,1,0,1,0,0,4,0,0,1,NA,0,"Evangelical Protestant",1,0.312888745978285,1,1,0,2,0
"693",1,57,NA,1,4,"Not Available","Not Available",1,1,1,1,1,1,8,NA,NA,1,0,0,4,0,NA,NA,2,1,"Evangelical Protestant - Ambiguous",0,0.228850839000519,NA,0,0,8,1
"695",0,47,2,1,2,"Standard GOP Exceptions","Yes to Both",5,1,1,0,0,3,10,0,1,1,0,0,2,0,1,0,0,1,"Evangelical Protestant",0,1.06947442973292,1,4,2,10,0
"696",1,28,NA,1,4,"Not Available","Not Available",1,1,1,1,0,2,7,NA,NA,1,0,1,3,0,NA,NA,0,0,"Evangelical Protestant",0,1.04041538196151,NA,0,1,7,0
"697",0,21,3,0,4,"Standard GOP Exceptions","No to Both",2,1,0,1,0,3,10,0,0,0,0,5,0,0,1,1,2,0,"Evangelical Protestant - Ambiguous",0,1.19028970159411,2,1,2,10,1
"700",1,27,3,0,2,"Always Permit","Yes to Both",5,0,1,1,1,2,6,1,1,1,0,2,5,1,0,0,1,1,"Roman Catholic Church",1,0.677403867056818,2,4,1,6,0
"707",1,32,3,0,3,"Always Permit","Yes to Both",4,0,1,1,0,2,8,0,0,1,1,3,3,0,1,1,0,1,"Mainline Protestant",0,0.966297581048326,2,3,1,8,0
"711",1,29,3,1,2,"Never Permit","Yes to Both",2,0,1,1,1,2,2,1,0,0,1,0,4,0,0,1,1,1,"Mainline Protestant",1,1.67339706823812,2,1,1,2,0
"713",0,23,NA,0,5,"Not Available","Not Available",4,1,1,1,0,2,NA,NA,NA,1,0,2,2,0,NA,NA,1,0,"Evangelical Protestant",0,0.705993391891474,NA,3,1,NA,0
"715",1,24,2,0,2,"Always Permit","Yes to Both",4,1,1,1,1,2,3,1,1,1,0,3,4,0,0,0,0,1,"Evangelical Protestant - Ambiguous",0,0.293801218700008,1,3,1,3,1
"716",0,58,1,1,1,"Always Permit","Yes to Both",0,1,0,1,0,2,2,1,1,0,0,1,0,0,0,0,2,1,"Evangelical Protestant",0,3.02624752311354,0,0,1,2,0
"719",1,84,3,1,4,"Establish Need","DK",4,0,1,0,0,1,9,0,0,1,1,1,4,0,1,0,2,1,"Mainline Protestant",1,0.259746576043516,2,3,0,9,0
"720",1,25,NA,0,0,"Not Available","Not Available",4,0,1,1,0,2,2,NA,NA,NA,0,1,NA,1,NA,NA,2,1,"Roman Catholic Church",0,0.837008196938823,NA,3,1,2,0
"722",0,41,1,0,2,"Standard GOP Exceptions","Yes to Both",1,0,1,1,0,2,2,1,0,1,1,2,3,0,0,1,1,1,"Mainline Protestant",1,2.32645932912744,0,0,1,2,0
"723",1,30,1,0,1,"Always Permit","Yes to Both",4,0,1,1,0,1,8,1,1,1,0,1,4,1,0,0,2,1,"Roman Catholic Church",1,0.709713365848827,0,3,0,8,0
"724",1,47,NA,0,1,"Not Available","Not Available",4,0,0,0,1,1,11,NA,NA,0,0,1,3,1,NA,NA,1,1,"Roman Catholic Church",1,0.128465678913368,NA,3,0,11,0
"728",1,27,2,0,4,"Standard GOP Exceptions","Yes to Both",5,0,1,1,0,1,5,1,1,1,0,3,3,1,0,0,0,1,"Roman Catholic Church",0,0.297979918355138,1,4,0,5,0
"729",1,48,NA,0,0,"Not Available","Not Available",1,0,1,0,1,NA,2,NA,NA,1,0,3,5,1,NA,NA,0,1,"Roman Catholic Church",1,0.472154875111245,NA,0,NA,2,0
"730",1,24,2,0,1,"Standard GOP Exceptions","Yes to Both",4,1,0,1,0,3,4,0,1,0,0,1,1,0,1,0,0,1,"Evangelical Protestant - Ambiguous",0,0.514048577564659,1,3,2,4,1
"732",1,59,3,0,1,"Always Permit","Yes to Civil Unions",1,0,1,0,0,2,4,0,0,1,1,1,3,0,1,1,0,0,"Mainline Protestant",0,1.66603152132717,2,0,1,4,0
"736",0,31,3,0,4,"Never Permit","No to Both",2,1,0,1,1,3,6,0,0,0,0,6,1,0,1,1,1,0,"Evangelical Protestant",0,3.32912806222231,2,1,2,6,0
"743",1,76,1,0,4,"DK","DK",1,0,0,0,0,2,3,0,0,0,0,1,1,1,0,0,0,0,"Roman Catholic Church",0,0.846067628184633,0,0,1,3,0
"744",0,56,1,0,3,"DK","DK",1,0,1,1,0,1,6,0,0,1,1,0,2,0,0,0,2,1,"Mainline Protestant",0,0.798404004844751,0,0,0,6,0
"748",1,61,2,0,4,"Always Permit","Yes to Both",2,0,1,0,1,3,1,1,1,0,0,0,3,1,0,0,2,1,"Roman Catholic Church",0,0.384881919642065,1,1,2,1,0
"750",1,57,2,0,4,"DK","DK",1,0,1,1,0,3,11,0,0,0,0,4,2,1,0,0,0,1,"Roman Catholic Church",0,0.506325065342435,1,0,2,11,0
"753",0,29,3,0,2,"Standard GOP Exceptions","Yes to Both",3,0,0,1,0,3,8,1,1,0,0,5,1,1,0,0,2,1,"Roman Catholic Church",1,0.488260042790594,2,2,2,8,0
"755",1,54,1,1,1,"DK","DK",0,1,0,1,0,4,NA,0,0,0,0,0,1,0,0,0,1,0,"Evangelical Protestant",0,1.6725932744443,0,0,2,NA,0
"756",1,18,NA,0,1,"Not Available","Not Available",1,0,0,0,1,2,8,NA,NA,0,0,4,2,1,NA,NA,1,1,"Roman Catholic Church",0,3.40833225566451,NA,0,1,8,0
"757",0,26,3,0,4,"DK","DK",2,1,0,1,0,3,1,0,0,0,0,5,0,0,0,0,0,1,"Evangelical Protestant",0,0.559686637789452,2,1,2,1,0
"758",0,60,2,0,1,"Standard GOP Exceptions","No to Both",2,1,0,1,0,3,2,0,0,0,0,0,1,0,1,1,1,0,"Evangelical Protestant",1,0.687755968718721,1,1,2,2,0
"761",0,33,2,0,2,"Never Permit","Yes to Both",1,0,0,1,0,4,1,1,0,0,1,NA,0,0,0,1,0,1,"Mainline Protestant",0,0.817090327896297,1,0,2,1,0
"763",0,26,3,0,1,"Standard GOP Exceptions","Yes to Both",4,0,0,1,0,2,12,1,1,0,0,NA,0,1,0,0,0,1,"Roman Catholic Church",0,0.416145171183118,2,3,1,11,0
"765",0,29,3,0,1,"Never Permit","No to Both",2,1,0,1,0,3,1,0,0,0,0,6,0,0,1,1,0,0,"Evangelical Protestant - Ambiguous",0,0.559686637789452,2,1,2,1,1
"767",0,31,2,0,5,"Never Permit","No to Both",3,1,0,1,1,4,NA,0,0,0,0,6,1,0,1,1,1,0,"Evangelical Protestant - Ambiguous",0,2.11774684706743,1,2,2,NA,1
"771",1,56,3,1,2,"Always Permit","Yes to Both",2,1,1,1,1,3,8,1,1,1,0,0,5,0,0,0,1,1,"Evangelical Protestant",1,0.636514979596109,2,1,2,8,0
"772",1,23,2,0,2,"Always Permit","Yes to Both",2,0,1,1,0,1,1,1,1,1,0,0,3,1,0,0,0,1,"Roman Catholic Church",0,2.56068080512721,1,1,0,1,0
"775",0,60,2,0,4,"Never Permit","No to Both",1,1,0,1,1,3,NA,0,0,1,0,5,3,0,1,1,0,0,"Evangelical Protestant - Ambiguous",1,0.575345294277383,1,0,2,NA,1
"777",1,49,NA,0,1,"Not Available","Not Available",1,0,0,1,1,NA,5,NA,NA,0,0,NA,2,1,NA,NA,0,1,"Roman Catholic Church",0,0.266201647883525,NA,0,NA,5,0
"778",1,57,1,0,2,"Always Permit","Yes to Both",0,0,0,1,0,NA,5,1,1,1,0,0,2,1,0,0,0,1,"Roman Catholic Church",0,1.15812835250008,0,0,NA,5,0
"780",0,25,3,0,4,"Establish Need","Yes to Civil Unions",5,1,0,1,0,3,NA,1,1,0,0,4,1,0,0,0,0,0,"Evangelical Protestant - Ambiguous",1,0.727025594114209,2,4,2,NA,1
"781",1,48,NA,1,4,"Not Available","Not Available",4,1,1,1,1,2,8,NA,NA,1,0,0,4,0,NA,NA,2,1,"Evangelical Protestant",0,0.243973786654501,NA,3,1,8,0
"782",0,31,0,0,2,"Never Permit","No to Both",1,1,1,1,1,3,3,0,0,1,0,5,4,0,1,1,2,0,"Evangelical Protestant - Ambiguous",1,1.20049055678617,0,0,2,3,1
"783",1,28,2,0,2,"Establish Need","Yes to Both",3,0,1,1,0,2,6,1,1,1,0,1,3,1,0,0,0,1,"Roman Catholic Church",0,1.27908861018177,1,2,1,6,0
"784",1,57,3,0,1,"Establish Need","Yes to Both",1,0,1,1,1,0,4,1,1,1,0,1,NA,1,0,0,2,0,"Roman Catholic Church",NA,0.723134854920252,2,0,0,4,0
"786",0,64,3,0,1,"Standard GOP Exceptions","No to Both",1,1,0,1,0,3,4,0,0,0,0,6,0,0,1,1,1,0,"Evangelical Protestant",0,1.31062014414134,2,0,2,4,0
"787",0,27,3,0,5,"Never Permit","No to Both",2,1,0,1,1,3,5,0,0,0,0,6,1,0,1,1,0,0,"Evangelical Protestant",0,1.60856880697482,2,1,2,5,0
"789",1,75,3,0,1,"Never Permit","DK",1,0,1,1,1,1,NA,0,0,1,0,0,4,1,1,0,0,1,"Roman Catholic Church",0,0.910355324644173,2,0,0,NA,0
"790",0,30,2,0,4,"Never Permit","No to Both",4,0,0,1,1,3,7,0,0,0,0,6,1,1,1,1,0,0,"Roman Catholic Church",0,2.50048420718875,1,3,2,7,0
"791",1,78,2,0,5,"DK","Yes to Both",1,0,0,1,0,3,4,0,1,1,0,6,3,1,0,0,2,1,"Roman Catholic Church",1,1.48297834819754,1,0,2,4,0
"792",0,72,3,0,5,"Standard GOP Exceptions","No to Both",1,1,0,1,0,4,3,0,0,0,0,6,0,0,1,1,2,0,"Evangelical Protestant",0,0.943361944168696,2,0,2,3,0
"793",1,47,2,1,3,"Always Permit","Yes to Civil Unions",1,1,1,0,0,3,1,1,1,1,0,0,3,0,0,0,0,1,"Evangelical Protestant",0,7.00023841334301,1,0,2,1,0
"797",1,29,1,0,1,"Never Permit","No to Both",5,0,0,1,1,1,10,0,0,0,0,1,2,1,1,1,2,1,"Roman Catholic Church",0,0.271231634740092,0,4,0,10,0
"798",1,68,3,0,5,"Establish Need","No to Both",1,1,1,1,1,2,3,1,0,0,0,6,3,0,0,1,1,0,"Evangelical Protestant",0,1.44627699847374,2,0,1,3,0
"799",1,48,2,0,2,"Always Permit","Yes to Both",2,0,1,1,0,NA,3,1,1,1,0,NA,4,1,0,0,0,1,"Roman Catholic Church",1,1.50572946501201,1,1,NA,3,0
"800",1,77,2,0,1,"Standard GOP Exceptions","No to Both",1,0,1,0,1,2,3,1,1,1,1,1,4,0,0,0,0,1,"Mainline Protestant",0,0.767832890414651,1,0,1,3,0
"801",0,31,NA,1,5,"Not Available","Not Available",3,0,0,1,1,4,NA,NA,NA,0,1,0,2,0,NA,NA,1,0,"Mainline Protestant - Ambiguous",1,0.192757555681459,NA,2,2,NA,1
"803",1,69,2,0,4,"DK","DK",1,1,0,1,0,2,1,0,0,0,0,1,1,0,0,0,0,0,"Evangelical Protestant",0,1.29877483357234,1,0,1,1,0
"804",1,73,2,0,1,"Always Permit","Yes to Both",1,0,1,1,1,1,NA,0,0,1,1,0,5,0,1,1,1,1,"Mainline Protestant",1,1.0143564734857,1,0,0,NA,0
"805",1,72,0,0,NA,"Always Permit","Yes to Both",1,1,1,1,1,NA,2,1,1,1,0,3,4,0,0,0,1,1,"Evangelical Protestant",0,1.27628458057702,0,0,NA,2,0
"807",1,30,NA,0,2,"Not Available","Not Available",3,0,0,0,0,2,8,NA,NA,1,0,2,2,1,NA,NA,2,1,"Roman Catholic Church",0,0.282300838936377,NA,2,1,8,0
"808",0,65,3,0,5,"Never Permit","No to Both",1,0,0,1,1,4,NA,0,0,0,0,6,2,1,1,1,0,0,"Roman Catholic Church",1,0.510359869827073,2,0,2,NA,0
"810",0,55,3,0,5,"Never Permit","No to Both",1,1,0,1,1,4,3,0,0,1,0,6,3,0,1,1,0,0,"Evangelical Protestant - Ambiguous",1,0.698713712799683,2,0,2,3,1
"811",1,27,2,0,2,"DK","DK",3,1,1,1,1,2,NA,0,0,1,0,5,4,0,0,0,1,1,"Evangelical Protestant",0,1.56875929363208,1,2,1,NA,0
"812",1,32,3,0,1,"Always Permit","DK",2,0,0,1,1,NA,2,0,0,1,1,1,3,0,1,0,0,1,"Mainline Protestant - Ambiguous",0,0.946274431815,2,1,NA,2,1
"813",1,37,NA,0,5,"Not Available","Not Available",4,0,0,0,0,1,9,NA,NA,0,0,0,1,1,NA,NA,2,1,"Roman Catholic Church",0,0.188886796398357,NA,3,0,9,0
"814",1,63,NA,0,1,"Not Available","Not Available",1,0,0,1,1,3,9,NA,NA,1,0,6,4,1,NA,NA,1,0,"Roman Catholic Church",1,0.450561660007318,NA,0,2,9,0
"815",1,55,NA,1,4,"Not Available","Not Available",3,0,1,1,0,2,8,NA,NA,0,0,0,2,1,NA,NA,2,1,"Roman Catholic Church",0,0.25844425865867,NA,2,1,8,0
"816",1,58,1,0,4,"Standard GOP Exceptions","No to Both",1,1,0,0,0,NA,3,0,0,0,0,NA,1,0,1,1,0,0,"Evangelical Protestant",0,0.156153450668561,0,0,NA,3,0
"817",1,54,2,1,1,"Never Permit","No to Both",3,0,0,1,1,NA,3,1,1,0,1,1,2,0,0,0,0,1,"Mainline Protestant - Ambiguous",0,0.0775179750266408,1,2,NA,3,1
"821",1,59,2,0,1,"Always Permit","Yes to Both",1,0,1,1,1,NA,6,1,1,1,0,NA,4,1,0,0,0,1,"Roman Catholic Church",0,0.266201647883525,1,0,NA,6,0
"823",1,38,3,1,4,"Always Permit","Yes to Both",4,1,0,1,0,3,4,1,1,0,0,1,2,0,0,0,0,0,"Evangelical Protestant",1,0.547747373366031,2,3,2,4,0
"825",0,43,3,0,4,"Never Permit","No to Both",0,1,0,0,1,3,3,0,0,0,0,4,1,0,1,1,0,0,"Evangelical Protestant",0,3.03603305486679,2,0,2,3,0
"826",1,60,3,0,1,"Standard GOP Exceptions","Yes to Civil Unions",1,0,1,0,0,3,6,1,1,1,0,3,3,1,0,0,0,1,"Roman Catholic Church",0,0.632719045811647,2,0,2,6,0
"828",1,24,3,0,4,"Establish Need","No to Both",3,1,1,0,1,4,5,1,0,0,0,6,3,0,0,1,1,0,"Evangelical Protestant",0,5.10958465622803,2,2,2,5,0
"829",1,28,3,0,2,"DK","No to Both",2,1,0,1,0,2,3,0,0,1,0,5,2,0,0,1,1,0,"Evangelical Protestant",0,0.76719923516772,2,1,1,3,0
"830",1,60,2,0,1,"DK","Yes to Civil Unions",1,0,0,1,0,3,3,0,0,0,1,6,1,0,0,1,0,0,"Mainline Protestant",0,0.958212806291096,1,0,2,3,0
"832",1,39,2,1,1,"Always Permit","Yes to Both",4,0,1,1,0,1,12,1,1,1,0,1,3,1,0,0,0,1,"Roman Catholic Church",0,0.22743472099262,1,3,0,11,0
"835",0,69,2,0,4,"Standard GOP Exceptions","No to Both",1,1,0,0,0,4,4,0,0,0,0,6,0,0,1,1,0,0,"Evangelical Protestant",0,0.611959967006712,1,0,2,4,0
"836",0,30,0,0,1,"Standard GOP Exceptions","Yes to Both",2,0,0,1,0,3,2,1,0,0,1,5,0,0,0,1,0,1,"Mainline Protestant",0,1.01051332281708,0,1,2,2,0
"838",1,57,NA,0,0,"Not Available","Not Available",1,0,1,1,1,NA,3,NA,NA,1,0,1,5,1,NA,NA,0,1,"Roman Catholic Church",1,0.231277846718097,NA,0,NA,3,0
"839",0,24,3,1,3,"Standard GOP Exceptions","Yes to Both",2,1,1,1,0,NA,5,0,1,1,0,0,3,0,1,0,0,1,"Evangelical Protestant",1,0.83026963076604,2,1,NA,5,0
"840",0,22,3,0,1,"Standard GOP Exceptions","DK",3,1,0,1,0,3,5,0,0,0,0,6,0,0,1,0,0,0,"Evangelical Protestant - Ambiguous",0,2.52087204508718,2,2,2,5,1
"841",1,33,NA,0,0,"Not Available","Not Available",2,0,0,0,1,NA,1,NA,NA,1,0,3,3,1,NA,NA,0,1,"Roman Catholic Church",0,0.0846735365538587,NA,1,NA,1,0
"842",0,81,2,0,4,"Standard GOP Exceptions","Yes to Civil Unions",1,0,1,1,0,3,3,1,1,1,0,6,2,1,0,0,2,1,"Roman Catholic Church",0,1.29372227753782,1,0,2,3,0
"844",0,58,3,0,4,"DK","DK",1,0,0,1,1,3,7,0,0,0,1,6,1,0,0,0,0,0,"Mainline Protestant",0,0.958212806291096,2,0,2,7,0
"848",0,52,2,0,2,"DK","No to Both",1,0,1,1,0,3,1,0,0,1,0,3,2,1,0,1,0,0,"Roman Catholic Church",0,0.424334470822179,1,0,2,1,0
"850",1,18,NA,1,5,"Not Available","Not Available",0,1,1,1,1,1,NA,NA,NA,1,0,2,5,0,NA,NA,0,1,"Evangelical Protestant",1,5.16308086677229,NA,0,0,NA,0
"853",0,65,2,0,4,"Standard GOP Exceptions","No to Both",1,0,0,0,0,4,10,1,0,0,0,6,0,1,0,1,2,0,"Roman Catholic Church",0,0.742472673097151,1,0,2,10,0
"855",0,65,3,0,4,"Standard GOP Exceptions","No to Both",1,1,0,1,0,4,4,0,0,0,0,6,0,0,1,1,0,0,"Evangelical Protestant",0,0.44357862967577,2,0,2,4,0
"856",1,20,NA,0,3,"Not Available","Not Available",2,0,1,1,1,0,NA,NA,NA,1,0,0,4,1,NA,NA,2,1,"Roman Catholic Church",0,0.330423899641706,NA,1,0,NA,0
"857",0,25,NA,0,2,"Not Available","Not Available",4,0,0,1,0,3,8,NA,NA,0,1,6,0,0,NA,NA,2,0,"Mainline Protestant",0,0.325507785414386,NA,3,2,8,0
"858",1,72,NA,1,2,"Not Available","Not Available",2,1,1,0,0,2,8,NA,NA,1,0,3,3,0,NA,NA,0,0,"Evangelical Protestant",0,0.15204099527059,NA,1,1,8,0
"859",1,41,2,0,1,"Never Permit","DK",2,0,1,0,0,2,6,0,0,1,0,1,4,1,1,0,1,1,"Roman Catholic Church",1,0.471206191861715,1,1,1,6,0
"860",0,19,3,0,5,"Never Permit","No to Both",2,1,0,1,1,4,11,0,0,0,0,6,1,0,1,1,2,0,"Evangelical Protestant - Ambiguous",0,1.02325337313337,2,1,2,11,1
"861",1,23,0,0,4,"DK","DK",4,1,1,0,0,3,3,0,0,0,0,0,3,0,0,0,1,1,"Evangelical Protestant",1,0.611730515278926,0,3,2,3,0
"867",1,57,3,0,4,"Establish Need","Yes to Both",1,1,0,0,0,2,2,1,1,1,0,5,2,0,0,0,2,1,"Evangelical Protestant",0,0.886584201268998,2,0,1,2,0
"869",0,25,3,1,4,"Never Permit","DK",4,1,0,1,1,2,3,0,0,0,0,1,1,0,1,0,1,0,"Evangelical Protestant",0,1.39998994789716,2,3,1,3,0
"876",1,36,1,0,1,"Never Permit","Yes to Both",1,0,1,1,0,2,3,0,1,1,0,1,3,1,1,0,0,1,"Roman Catholic Church",0,0.328970457544978,0,0,1,3,0
"879",1,64,2,0,2,"Establish Need","Yes to Both",1,0,1,1,0,2,4,1,1,1,0,6,4,1,0,0,2,1,"Roman Catholic Church",1,0.691499185929171,1,0,1,4,0
"880",1,27,2,0,1,"Always Permit","Yes to Both",4,0,0,1,1,2,3,1,1,1,0,0,3,1,0,0,1,1,"Roman Catholic Church",0,0.351025306304715,1,3,1,3,0
"881",1,53,2,0,3,"Never Permit","No to Both",2,0,0,1,1,2,1,1,1,0,1,6,2,0,0,0,1,1,"Mainline Protestant - Ambiguous",0,0.825668621264347,1,1,1,1,1
"882",1,52,NA,1,5,"Not Available","Not Available",3,1,0,1,1,2,4,NA,NA,1,0,0,3,0,NA,NA,2,0,"Evangelical Protestant",0,0.299886306811198,NA,2,1,4,0
"884",0,52,NA,0,4,"Not Available","Not Available",1,0,0,1,1,3,6,NA,NA,0,1,6,1,0,NA,NA,0,0,"Mainline Protestant",0,0.516473433224358,NA,0,2,6,0
"886",1,22,NA,0,2,"Not Available","Not Available",2,0,0,1,1,2,NA,NA,NA,1,1,5,3,0,NA,NA,2,1,"Mainline Protestant - Ambiguous",0,0.476176385191417,NA,1,1,NA,1
"887",1,44,2,0,2,"Always Permit","Yes to Both",1,1,1,1,0,2,7,1,1,0,0,3,2,0,0,0,0,1,"Evangelical Protestant - Ambiguous",0,0.363291250734125,1,0,1,7,1
"889",0,24,3,0,3,"Never Permit","Yes to Both",4,0,0,1,0,2,NA,0,1,1,0,1,1,1,1,0,2,1,"Roman Catholic Church",0,0.501326694845906,2,3,1,NA,0
"890",1,53,NA,0,1,"Not Available","Not Available",1,0,0,1,0,2,6,NA,NA,1,0,NA,2,1,NA,NA,0,1,"Roman Catholic Church",0,0.598993184369252,NA,0,1,6,0
"892",1,67,2,0,4,"Always Permit","DK",1,0,1,1,0,NA,2,1,0,0,0,5,3,1,0,0,1,0,"Roman Catholic Church",1,0.229814443311911,1,0,NA,2,0
"893",0,28,3,0,0,"Standard GOP Exceptions","Yes to Both",2,0,1,1,0,2,2,1,0,0,1,3,1,0,0,1,0,1,"Mainline Protestant - Ambiguous",0,1.45122380341756,2,1,1,2,1
"894",0,19,NA,0,1,"Not Available","Not Available",1,0,1,0,0,2,2,NA,NA,0,0,3,1,1,NA,NA,1,1,"Roman Catholic Church",0,2.85121332721353,NA,0,1,2,0
"895",1,29,NA,1,5,"Not Available","Not Available",2,1,1,1,1,0,1,NA,NA,1,0,2,5,0,NA,NA,0,1,"Evangelical Protestant",1,0.360940694583032,NA,1,0,1,0
"898",1,51,NA,0,4,"Not Available","Not Available",1,0,1,1,0,2,4,NA,NA,0,0,5,3,1,NA,NA,0,1,"Roman Catholic Church",1,0.757469510921427,NA,0,1,4,0
"900",1,20,1,0,1,"Always Permit","DK",2,0,1,1,0,NA,NA,1,0,1,0,2,3,1,0,0,0,1,"Roman Catholic Church",0,0.774531055757135,0,1,NA,NA,0
"901",0,76,NA,0,1,"Not Available","Not Available",1,0,0,1,0,3,2,NA,NA,1,1,6,1,0,NA,NA,0,0,"Mainline Protestant",0,0.509814525059471,NA,0,2,2,0
"907",0,56,2,0,3,"Never Permit","No to Both",1,1,0,0,0,2,3,0,0,0,0,5,0,0,1,1,2,0,"Evangelical Protestant",0,0.886584201268998,1,0,1,3,0
"908",1,52,2,0,1,"Always Permit","DK",1,0,1,1,1,NA,0,1,0,1,0,1,4,1,0,0,1,1,"Roman Catholic Church",0,0.231277846718097,1,0,NA,0,0
"909",1,45,2,0,3,"Standard GOP Exceptions","Yes to Civil Unions",1,1,1,1,1,2,2,0,1,1,0,5,4,0,1,0,1,0,"Evangelical Protestant",0,0.503691539194108,1,0,1,2,0
"911",1,47,2,0,4,"Standard GOP Exceptions","No to Both",1,1,0,1,NA,2,2,0,0,1,0,0,NA,0,1,1,1,1,"Evangelical Protestant",0,1.32089965762727,1,0,1,2,0
"912",0,35,2,0,3,"Never Permit","No to Both",1,1,0,1,0,NA,2,0,0,0,0,3,0,0,1,1,2,0,"Evangelical Protestant - Ambiguous",0,0.588280979443777,1,0,NA,2,1
"914",1,63,NA,0,1,"Not Available","Not Available",1,1,1,1,1,3,6,NA,NA,1,0,4,4,0,NA,NA,0,1,"Evangelical Protestant - Ambiguous",0,0.359927558241957,NA,0,2,6,1
"915",0,48,2,0,4,"Never Permit","No to Both",1,1,0,1,0,3,NA,0,0,0,0,5,0,0,1,1,0,0,"Evangelical Protestant - Ambiguous",0,0.38217389647761,1,0,2,NA,1
"917",1,42,3,0,4,"Always Permit","Yes to Civil Unions",4,0,1,1,1,2,4,0,0,1,1,5,5,0,1,1,2,1,"Mainline Protestant - Ambiguous",1,0.615865646079193,2,3,1,4,1
"918",0,63,3,0,4,"Never Permit","No to Both",1,0,0,0,0,4,3,0,0,0,0,6,0,1,1,1,1,0,"Roman Catholic Church",0,0.530198527738571,2,0,2,3,0
"920",0,56,3,0,4,"Standard GOP Exceptions","Yes to Both",4,0,0,1,0,3,7,1,0,0,1,6,0,0,0,1,2,0,"Mainline Protestant",0,1.63220726431588,2,3,2,7,0
"921",1,52,1,0,0,"Always Permit","No to Both",3,0,0,1,1,2,4,0,1,1,1,0,3,0,1,0,0,0,"Mainline Protestant",0,1.12533481888632,0,2,1,4,0
"926",1,59,3,0,5,"Standard GOP Exceptions","Yes to Civil Unions",1,1,0,0,0,NA,0,0,1,0,0,3,1,0,1,0,0,0,"Evangelical Protestant",0,0.537374686355829,2,0,NA,0,0
"927",0,48,2,0,1,"Standard GOP Exceptions","Yes to Both",1,0,0,1,0,2,5,1,1,0,0,3,0,1,0,0,0,1,"Roman Catholic Church",0,0.430412196389524,1,0,1,5,0
"930",1,32,0,0,0,"Establish Need","Yes to Both",1,1,1,1,1,NA,9,1,1,1,0,0,4,0,0,0,1,1,"Evangelical Protestant",0,0.446023580853239,0,0,NA,9,0
"933",0,33,3,0,4,"Never Permit","Yes to Civil Unions",2,1,0,1,1,4,9,0,1,0,0,4,1,0,1,0,0,0,"Evangelical Protestant",0,2.18828905909173,2,1,2,9,0
"937",0,70,3,0,5,"Never Permit","No to Both",1,1,0,0,0,2,NA,0,0,0,0,6,0,0,1,1,0,0,"Evangelical Protestant - Ambiguous",0,0.588141754732397,2,0,1,NA,1
"938",0,40,3,0,NA,"DK","DK",4,1,0,0,0,2,0,0,0,0,0,1,0,0,0,0,1,0,"Evangelical Protestant - Ambiguous",0,1.3571873084106,2,3,1,0,1
"939",1,36,3,1,5,"Standard GOP Exceptions","No to Both",1,1,0,0,0,3,2,0,0,0,0,2,2,0,1,1,1,0,"Evangelical Protestant - Ambiguous",1,1.59090038526025,2,0,2,2,1
"940",1,36,1,0,0,"Never Permit","Yes to Both",4,1,0,0,0,0,4,0,1,0,0,0,1,0,1,0,1,1,"Evangelical Protestant",0,0.931130023267326,0,3,0,4,0
"941",0,56,2,0,4,"Standard GOP Exceptions","DK",3,0,1,1,0,NA,10,1,0,1,0,1,2,1,0,0,1,1,"Roman Catholic Church",0,0.106810515760944,1,2,NA,10,0
"945",1,39,3,0,2,"Establish Need","Yes to Civil Unions",4,0,0,0,1,4,8,0,0,1,1,6,3,0,1,1,2,0,"Mainline Protestant",0,0.815481872718944,2,3,2,8,0
"946",1,34,2,0,2,"Always Permit","Yes to Both",4,0,1,0,0,2,8,1,1,0,0,4,3,1,0,0,2,1,"Roman Catholic Church",1,1.26424190185242,1,3,1,8,0
"948",1,62,2,0,2,"Never Permit","DK",3,0,1,0,1,0,4,0,0,1,0,0,5,1,1,0,0,1,"Roman Catholic Church",1,0.585154546710083,1,2,0,4,0
"949",1,62,3,0,1,"DK","DK",4,0,1,0,1,2,2,0,0,1,1,1,4,0,0,0,2,0,"Mainline Protestant",0,0.673579354373157,2,3,1,2,0
"952",0,38,2,0,2,"Standard GOP Exceptions","Yes to Civil Unions",1,0,0,0,0,4,6,1,1,0,0,6,1,1,0,0,2,0,"Roman Catholic Church",1,2.93063382476312,1,0,2,6,0
"957",1,49,NA,0,1,"Not Available","Not Available",2,0,1,0,1,2,NA,NA,NA,1,1,4,4,0,NA,NA,2,1,"Mainline Protestant",0,0.458105544277793,NA,1,1,NA,0
"958",1,63,3,0,4,"Standard GOP Exceptions","Yes to Civil Unions",3,0,0,0,0,3,5,1,1,0,0,6,1,1,0,0,2,1,"Roman Catholic Church",0,1.20406449118456,2,2,2,5,0
"960",1,51,3,0,2,"Establish Need","Yes to Civil Unions",1,0,0,0,1,3,0,1,1,0,0,5,2,1,0,0,0,1,"Roman Catholic Church",0,0.511825100483728,2,0,2,0,0
"961",1,59,2,0,2,"Establish Need","Yes to Both",2,0,1,0,1,2,10,1,1,0,0,1,3,1,0,0,0,1,"Roman Catholic Church",0,0.8970559106757,1,1,1,10,0
"964",1,69,2,0,2,"Establish Need","Yes to Civil Unions",1,0,0,0,0,2,7,1,1,0,0,4,1,1,0,0,2,1,"Roman Catholic Church",0,0.753230108406178,1,0,1,7,0
"965",1,36,3,1,2,"Always Permit","No to Both",1,1,1,0,0,1,4,1,0,1,0,2,4,0,0,1,1,0,"Evangelical Protestant",1,0.940450668198682,2,0,0,4,0
"967",0,58,2,0,4,"Never Permit","No to Both",1,0,0,0,1,3,8,0,0,0,0,6,1,1,1,1,2,0,"Roman Catholic Church",0,0.661694685625831,1,0,2,8,0
"969",1,57,1,0,1,"Always Permit","DK",1,0,1,0,0,0,4,1,0,1,0,0,4,1,0,0,2,1,"Roman Catholic Church",1,0.590103761923478,0,0,0,4,0
"973",0,43,3,0,5,"Never Permit","Yes to Civil Unions",1,0,1,0,1,3,8,0,1,1,0,6,3,1,1,0,0,0,"Roman Catholic Church",0,3.85751939693804,2,0,2,8,0
"976",1,68,2,0,3,"Always Permit","Yes to Both",1,1,1,0,1,2,2,1,1,1,0,1,4,0,0,0,2,1,"Evangelical Protestant",0,1.24582603246311,1,0,1,2,0
"977",0,36,3,0,5,"Never Permit","No to Both",4,1,1,0,1,2,11,0,0,0,0,2,3,0,1,1,2,0,"Evangelical Protestant",1,0.165486478338088,2,3,1,11,0
"978",0,40,3,0,4,"Never Permit","No to Both",4,0,0,0,1,3,5,0,0,0,0,1,2,1,1,1,1,0,"Roman Catholic Church",1,0.458034767575865,2,3,2,5,0
"980",1,39,2,0,2,"Always Permit","Yes to Both",3,0,1,0,1,2,3,1,1,1,0,2,4,1,0,0,2,1,"Roman Catholic Church",0,0.361172304059424,1,2,1,3,0
"983",0,52,NA,0,5,"Not Available","Not Available",1,1,1,0,1,4,1,NA,NA,1,0,5,4,0,NA,NA,1,0,"Evangelical Protestant",1,1.12310072248445,NA,0,2,1,0
"985",0,21,NA,0,3,"Not Available","Not Available",2,0,0,0,0,1,1,NA,NA,1,0,1,1,1,NA,NA,0,0,"Roman Catholic Church",0,3.68898441594571,NA,1,0,1,0
"986",0,27,2,0,3,"Establish Need","Yes to Civil Unions",3,0,1,0,0,2,8,1,1,0,0,2,2,1,0,0,2,1,"Roman Catholic Church",1,1.25095719766876,1,2,1,8,0
"987",0,41,1,0,3,"Standard GOP Exceptions","Yes to Civil Unions",3,0,1,0,0,3,8,1,1,1,0,0,3,1,0,0,1,0,"Roman Catholic Church",1,1.90031451151653,0,2,2,8,0
"991",1,30,2,0,5,"Never Permit","Yes to Civil Unions",4,0,0,0,1,2,5,0,1,1,0,0,3,1,1,0,1,1,"Roman Catholic Church",0,1.23169001996561,1,3,1,5,0
"992",0,57,1,0,1,"Establish Need","Yes to Both",2,0,1,0,0,3,2,0,0,0,1,6,2,0,1,1,2,0,"Mainline Protestant - Ambiguous",1,1.07937292142043,0,1,2,2,1
"994",1,45,0,0,4,"Establish Need","DK",4,1,1,0,0,4,6,1,0,1,0,6,4,0,0,0,2,1,"Evangelical Protestant",1,0.454558519992955,0,3,2,6,0
"997",1,46,NA,1,4,"Not Available","Not Available",1,1,1,0,0,0,4,NA,NA,1,0,0,3,0,NA,NA,2,0,"Evangelical Protestant",0,1.27679174045177,NA,0,0,4,0
"1000",1,28,3,1,1,"DK","DK",1,0,0,1,0,2,0,0,0,1,0,0,3,1,0,0,0,0,"Roman Catholic Church",1,0.457854563898219,2,0,1,0,0
